קומות במבנה,"מחיר למ""ר",שנת בנייה,תאריך עסקה,כתובת,גוש/חלקה/תת-חלקה,סוג נכס,חדרים,קומה,"מ""ר",מחיר
4,"20,000 ₪",1980,22/05/2025,צרפת 4,10906-330-5,דירה בבית קומות,3,שלישית,74,"1,480,000 ₪"
1,"23,529 ₪",1960,21/05/2025,אלברט איינשטיין 27,10783-24-3,דירה בבית קומות,4,ראשונה,68.94,"1,600,000 ₪"
0,"25,556 ₪",0,21/05/2025,ללא כתובת,11196-16-76,דירה בבית קומות,3.5,חמישית,63,"1,610,000 ₪"
3,"39,535 ₪",1960,21/05/2025,הצבי 40,10908-129-13,דירה בבית קומות,5,שישית,129,"5,100,000 ₪"
0,"18,951 ₪",0,20/05/2025,ללא כתובת,10747-78-46,דירה בבית קומות,5,רביעית,143,"2,710,000 ₪"
6,"22,537 ₪",1970,19/05/2025,לאון בלום 19,10870-56-45,דירה בבית קומות,4,קרקע,67.89,"1,510,000 ₪"
4,"21,146 ₪",1960,19/05/2025,הרב כלפון 16,10814-8-8,דירה בבית קומות,3,שלישית,48,"1,015,000 ₪"
0,"19,767 ₪",0,18/05/2025,ללא כתובת,10861-281-5,דירה בבית קומות,2,שניה,43.5,"850,000 ₪"
9,"13,500 ₪",1999,16/05/2025,יד לבנים 92,11720-64-82,דירה בבית קומות,4,שש עשרה,90,"1,215,000 ₪"
4,"16,047 ₪",2023,15/05/2025,חביבה 55,11196-7-20,דירה בבית קומות,5,ראשונה,148,"2,375,000 ₪"
3,"28,696 ₪",1995,14/05/2025,יקינתון 11,11195-85-3,דירה בבית קומות,6,שישית,115,"3,300,000 ₪"
9,"19,828 ₪",1970,14/05/2025,ניסנבוים 7,11211-17-145,דירה בבית קומות,3,רביעית,58,"1,150,000 ₪"
0,"14,000 ₪",0,11/05/2025,ללא כתובת,10809-352-14,דירה בבית קומות,3,שניה,75.75,"1,050,000 ₪"
2,"17,109 ₪",1992,11/05/2025,הראשונים 6,11575-60-3,דירה בבית קומות,5,קרקע ראשונה,128.93,"2,190,000 ₪"
2,"27,980 ₪",2027,08/05/2025,זרובבל 23,10773-16-8,דירה בבית קומות,4,שניה,99,"2,770,000 ₪"
16,"23,924 ₪",1970,08/05/2025,אלנבי 123,10814-48-126,דירה בבית קומות,4,שש עשרה,79,"1,890,000 ₪"
1,"25,545 ₪",2023,08/05/2025,אמציהו המלך 8,10751-17-2,דירה בבית קומות,4,עשרים וחמש,101,"2,580,000 ₪"
7,"14,479 ₪",1970,07/05/2025,חבס ברכה 14,10926-2-9,דירה בבית קומות,4,שלישית,103.6,"1,500,000 ₪"
0,"16,146 ₪",0,06/05/2025,ללא כתובת,10861-383-6,דירה בבית קומות,2.5,קרקע,48.59,"775,000 ₪"
3,"13,155 ₪",1970,06/05/2025,משה שרת 14,11585-7-3,דירה בבית קומות,4,שניה,85.9,"1,130,000 ₪"
3,"17,647 ₪",1960,06/05/2025,התיכון 79,10882-105-10,דירה בבית קומות,3,שלישית,68,"1,200,000 ₪"
3,"22,632 ₪",1930,05/05/2025,הגנים 48,10827-47-6,דירה בבית קומות,4,לא ידוע,95,"2,150,000 ₪"
0,"26,000 ₪",2023,05/05/2025,אלמוג 10,12721-29-149,דירה בבית קומות,3,אחת עשרה,85,"2,210,000 ₪"
18,"18,380 ₪",1970,04/05/2025,אבא הלל סילבר 119,10921-35-87,דירה בבית קומות,3,ארבע עשרה,71,"1,305,000 ₪"
6,"30,058 ₪",1970,04/05/2025,רות 49,10763-122-14,דירה בבית קומות,5,שישית ושביעית,141.16,"4,243,000 ₪"
4,"23,404 ₪",1960,04/05/2025,זלמן שניאור 28,11194-296-27,דירה בבית קומות,3,שלישית,47.27,"1,100,000 ₪"
7,"17,303 ₪",2000,04/05/2025,דב פרומר 24,12693-20-35,דירה בבית קומות,3,שניה,76.3,"1,315,000 ₪"
4,"17,329 ₪",1970,29/04/2025,חניתה 68,10881-29-78,לא ידוע,3,רביעית,69.25,"1,200,000 ₪"
4,"16,708 ₪",1979,29/04/2025,חרוב 5,10747-50-1,דירה בבית קומות,4,ראשונה,84.39,"1,410,000 ₪"
5,"19,000 ₪",1970,29/04/2025,מרסיי 28,10745-176-28,דירה בבית קומות,3,חמישית,60.09,"1,140,000 ₪"
19,"18,438 ₪",1970,29/04/2025,לאון בלום 28,10870-40-239,דירה בבית קומות,3,תשיעית,64,"1,180,000 ₪"
20,"22,193 ₪",2010,29/04/2025,אוסקר שינדלר 6,12286-180-66,דירה בבית קומות,4,שתים עשרה,114.15,"2,530,000 ₪"
2,"33,250 ₪",1960,29/04/2025,חביבה 31,11196-9-14,דירה בבית קומות,3,קרקע,40,"1,330,000 ₪"
0,"14,312 ₪",0,29/04/2025,ללא כתובת,11359-81-139,דירה בבית קומות,3,שלישית,80,"1,145,000 ₪"
4,"10,533 ₪",1950,29/04/2025,בית שערים 1,11274-23-10,דירה בבית קומות,3,רביעית,75,"790,000 ₪"
4,"29,714 ₪",1960,29/04/2025,צרפת 41,10906-245-25,דירה בבית קומות,2,שלישית,35.96,"1,040,000 ₪"
0,"15,000 ₪",0,28/04/2025,ללא כתובת,10869-191-7,דירה בבית קומות,2,שלישית,60,"900,000 ₪"
0,"18,116 ₪",0,28/04/2025,ללא כתובת,10810-367-6,דירה בבית קומות,3,שניה,69.8,"1,250,000 ₪"
4,"18,667 ₪",1960,28/04/2025,חביבה 24,11194-280-45,דירה בבית קומות,3,שלישית,60.25,"1,120,000 ₪"
0,"14,288 ₪",0,28/04/2025,ללא כתובת,11359-81-140,דירה בבית קומות,3,רביעית,80,"1,143,000 ₪"
0,"19,185 ₪",0,28/04/2025,ללא כתובת,10861-169-8,דירה בבית קומות,5,שניה,92.4,"1,765,000 ₪"
8,"17,975 ₪",1980,27/04/2025,גוטל לוין 20,11193-204-29,דירה בבית קומות,4,שמינית,79,"1,420,000 ₪"
5,"24,554 ₪",1970,25/04/2025,ז'ורס 7,10803-136-7,דירה בבית קומות,3,שניה,56.8,"1,375,000 ₪"
4,"19,506 ₪",1970,25/04/2025,סעדיה פז 31,10744-49-13,דירה בבית קומות,4,שניה,81.3,"1,580,000 ₪"
1,"14,516 ₪",1930,24/04/2025,הנביאים 10,12458-7-2,דירה בבית קומות,3,שניה,62,"900,000 ₪"
2,"25,397 ₪",2018,24/04/2025,הבריכה 13,10882-118-12,דירה בבית קומות,3,ראשונה,63,"1,600,000 ₪"
8,"18,421 ₪",1995,24/04/2025,חיים בר לב 5,11212-105-39,דירה בבית קומות,5,רביעית,95.2,"1,750,000 ₪"
3,"21,429 ₪",1930,24/04/2025,פינת בן שמן 1,12453-28-4,דירה בבית קומות,2,שניה,28.5,"600,000 ₪"
6,לא ידוע,2022,23/04/2025,הלילך 4,10910-35-11,חניה,לא ידוע,לא ידוע,לא ידוע,"75,000 ₪"
1,"25,050 ₪",2023,23/04/2025,אמציהו המלך 8,10751-17-3,דירה בבית קומות,4,עשרים,101,"2,530,000 ₪"
1,"16,333 ₪",1950,23/04/2025,זלמן ארן 48,11567-35-3,דירה בבית קומות,6,קרקע,150,"2,450,000 ₪"
2,"14,831 ₪",1980,23/04/2025,הגדוד העברי 43,11581-99-5,דירה בבית קומות,4,שלישית,89.69,"1,320,000 ₪"
2,"29,615 ₪",1960,22/04/2025,הנשיא 4,11718-2-8,דירה בבית קומות,5,חמישית,130,"3,850,000 ₪"
2,"27,956 ₪",1959,21/04/2025,ויתקין 16,10786-99-7,דירה בבית קומות,5,שלישית,137,"3,830,000 ₪"
1,"31,470 ₪",1980,20/04/2025,חורב 4,10779-84-2,דירה בבית קומות,4,ראשונה,100,"3,147,000 ₪"
4,"18,992 ₪",1990,20/04/2025,מבצע יונתן 6,10770-136-11,דירה בבית קומות,5,חמישית ושישית,119.05,"2,260,000 ₪"
9,"18,000 ₪",1970,20/04/2025,אבא הלל סילבר 14,10922-14-32,דירה בבית קומות,3,תשיעית,70.8,"1,260,000 ₪"
0,"47,375 ₪",0,17/04/2025,ללא כתובת,11686-22-2,דירה בבית קומות,4,שישית,112,"5,306,000 ₪"
0,"19,410 ₪",0,16/04/2025,ללא כתובת,10747-78-47,דירה בבית קומות,5,רביעית,144,"2,795,000 ₪"
3,"20,113 ₪",1960,16/04/2025,שער הגיא 11,12688-5-8,דירה בבית קומות,4,שלישית,70.6,"1,420,000 ₪"
12,"23,846 ₪",1960,14/04/2025,הנשיא 124,10807-39-5,דירה בבית קומות,3,ראשונה,65.9,"1,550,000 ₪"
3,"14,440 ₪",1960,11/04/2025,הנוטר 30,11580-40-5,דירה בבית קומות,5,"קרקע,ראשונה",116.22,"1,675,000 ₪"
3,"23,234 ₪",1950,10/04/2025,התורן 16,11672-20-9,דירה בבית קומות,2.5,ראשונה,63.7,"1,480,000 ₪"
1,"29,439 ₪",2021,10/04/2025,סמולנסקין 6,10786-10-6,דירה בבית קומות,4,שלישית,107,"3,150,000 ₪"
0,"16,987 ₪",0,10/04/2025,ללא כתובת,10810-267-7,דירה בבית קומות,2.5,קומה 0,52.1,"885,000 ₪"
2,"26,230 ₪",1950,10/04/2025,יפה נוף 26,11686-3-6,דירה בבית קומות,4,ראשונה,61.6,"1,600,000 ₪"
4,"21,107 ₪",1970,10/04/2025,אביגיל 10,10770-119-7,דירה בבית קומות,5,שלישית ורביעית,122.1,"2,575,000 ₪"
5,"11,707 ₪",1970,10/04/2025,הגיבורים 51,12479-7-9,דירה בבית קומות,4,שלישית,82,"960,000 ₪"
0,"17,411 ₪",0,09/04/2025,ללא כתובת,10861-384-2,דירה בבית קומות,3,קרקע,56.33,"975,000 ₪"
0,"14,288 ₪",0,09/04/2025,ללא כתובת,11359-81-141,דירה בבית קומות,3,חמישית,80,"1,143,000 ₪"
0,"23,125 ₪",0,09/04/2025,ללא כתובת,10916-84-7,דירה בבית קומות,3,חמש עשרה,80,"1,850,000 ₪"
1,"11,940 ₪",1960,09/04/2025,דרייפוס 2,10803-82-20,דירה בבית קומות,3,ראשונה,67,"800,000 ₪"
0,"17,909 ₪",0,09/04/2025,ללא כתובת,10810-316-5,דירה בבית קומות,3,שניה,55,"985,000 ₪"
0,"10,833 ₪",0,09/04/2025,ללא כתובת,10868-14-20,דירה בבית קומות,2.5,לא ידוע,60,"650,000 ₪"
12,"27,083 ₪",1960,09/04/2025,הנשיא 124,10807-39-26,דירה בבית קומות,2,רביעית,48.95,"1,300,000 ₪"
2,"19,242 ₪",1960,09/04/2025,אלכסנדר זייד 108,11565-13-1,דירה בבית קומות,3,ראשונה,66.81,"1,270,000 ₪"
4,"13,141 ₪",1960,08/04/2025,אחד העם 7,12453-4-13,דירה בבית קומות,3,שלישית,78.1,"1,025,000 ₪"
5,"17,946 ₪",2019,08/04/2025,יעקב כאהן 7,11586-81-12,דירה בבית קומות,5,שניה,112,"2,010,000 ₪"
5,"17,872 ₪",1970,08/04/2025,פאר 53,11720-15-17,דירה בבית קומות,2,ראשונה,47.75,"840,000 ₪"
5,"23,009 ₪",1970,08/04/2025,ליונל ווטסון 10,10797-38-3,דירה בבית קומות,4,שניה,113.2,"2,600,000 ₪"
4,"22,500 ₪",1960,08/04/2025,ארלוזורוב 73,12314-10-9,דירה בבית קומות,2,שלישית,40.8,"900,000 ₪"
4,"17,627 ₪",1970,08/04/2025,הירדן 31,12485-8-6,דירה בבית קומות,3,ראשונה,59.5,"1,040,000 ₪"
2,"18,889 ₪",1999,07/04/2025,בת חן 25,11193-325-12,דירה בבית קומות,5,שניה שלישית,126.95,"2,380,000 ₪"
3,"28,037 ₪",1967,07/04/2025,הרקפות 6,10806-95-6,דירה בבית קומות,4.5,שניה,69.55,"1,950,000 ₪"
5,"18,820 ₪",2003,07/04/2025,יחיעם 2,11572-259-30,דירה בבית קומות,4,שניה,89.25,"1,675,000 ₪"
5,"17,966 ₪",1960,06/04/2025,חטיבת כרמלי 21,10920-100-27,דירה בבית קומות,3,רביעית,59.4,"1,060,000 ₪"
2,"27,778 ₪",1950,06/04/2025,דוד פינסקי 45,10908-69-8,דירה בבית קומות,3,ראשונה,90,"2,500,000 ₪"
4,"19,245 ₪",1960,06/04/2025,אלנבי 131,10814-25-3,דירה בבית קומות,2.5,שניה,53,"1,020,000 ₪"
13,"17,647 ₪",1996,06/04/2025,יד לבנים 125,10878-61-50,דירה בבית קומות,3,שתים עשרה,68.55,"1,200,000 ₪"
4,"12,698 ₪",1970,06/04/2025,אהרון צייטלין 39,11585-187-80,דירה בבית קומות,3,רביעית,63,"800,000 ₪"
4,"20,882 ₪",1960,06/04/2025,מימון 14,10892-57-9,דירה בבית קומות,3,שלישית,51.56,"1,065,000 ₪"
17,"16,575 ₪",1970,06/04/2025,בירם 11,11196-2-130,דירה בבית קומות,4,רביעית,87.6,"1,442,000 ₪"
2,"47,619 ₪",1970,04/04/2025,שלמה המלך 39,10743-121-6,דירה בבית קומות,1,קרקע,21.5,"1,000,000 ₪"
4,"15,686 ₪",1930,04/04/2025,כינרת 9,12523-6-8,דירה בבית קומות,3,שלישית,56.1,"880,000 ₪"
0,"37,032 ₪",2025,03/04/2025,צפרירים 4,10910-162-4,דירה בבית קומות,4,רביעית,95,"3,518,000 ₪"
1,"17,291 ₪",1990,03/04/2025,אליעזר אלתר 15,11879-23-15,דירה בבית קומות,5,שניה,104.1,"1,800,000 ₪"
4,"24,068 ₪",1960,03/04/2025,בית לחם 43,10923-51-4,דירה בבית קומות,3,שניה,59,"1,420,000 ₪"
3,"19,747 ₪",1960,03/04/2025,התשבי 22,11719-12-16,דירה בבית קומות,4,שניה,79,"1,560,000 ₪"
8,"20,833 ₪",1960,03/04/2025,יצחק שדה 15,10930-1-44,דירה בבית קומות,3,חמישית,60.34,"1,250,000 ₪"
0,"16,508 ₪",0,03/04/2025,ללא כתובת,10860-87-7,דירה בבית קומות,3,ראשונה,63.6,"1,040,000 ₪"
0,"12,774 ₪",0,02/04/2025,ללא כתובת,11359-81-142,דירה בבית קומות,3,חמש עשרה,84,"1,073,000 ₪"
10,"20,000 ₪",2012,02/04/2025,נווה גנים 19,10925-253-92,דירה בבית קומות,3,קומה 3,61.4,"1,220,000 ₪"
2,"13,068 ₪",1950,02/04/2025,חוסן 13,12488-15-1,דירה בבית קומות,2,קרקע,44.31,"575,000 ₪"
3,"12,530 ₪",1940,02/04/2025,"ביל""ו 19",10864-124-3,דירה בבית קומות,3,ראשונה,83.95,"1,040,000 ₪"
3,"10,588 ₪",1940,01/04/2025,יד לבנים 7,12485-15-6,דירה בבית קומות,3,לא ידוע,68,"720,000 ₪"
5,"27,536 ₪",2022,01/04/2025,עמירם חרלף 5,12725-4-24,דירה בבית קומות,5,ראשונה,138,"3,800,000 ₪"
5,"16,667 ₪",1996,31/03/2025,חיים בר לב 21,11213-117-6,דירה בבית קומות,4,שלישית,87.3,"1,450,000 ₪"
3,"20,329 ₪",1990,31/03/2025,שלון 7,11880-8-7,דירה בבית קומות,3,שלישית,59.03,"1,200,000 ₪"
1,"22,536 ₪",1950,31/03/2025,נחמיה 13,10882-94-4,דירה בבית קומות,3,קרקע,74.99,"1,690,000 ₪"
11,"19,277 ₪",2000,31/03/2025,מנדל זינגר 20,11203-36-54,דירה בבית קומות,3,עשירית,83,"1,600,000 ₪"
3,"33,750 ₪",2013,31/03/2025,חביבה 49,11196-152-5,דירה בבית קומות,2,שניה,40,"1,350,000 ₪"
9,"23,846 ₪",2015,31/03/2025,הוד 10,10733-106-95,דירה בבית קומות,4,קומה 6,104.5,"2,480,000 ₪"
0,"22,451 ₪",2023,31/03/2025,אלמוג 10,12721-29-150,דירה בבית קומות,6,ארבע עשרה,206,"4,625,000 ₪"
0,"29,717 ₪",2023,30/03/2025,סמולנסקין 12,10786-13-2,דירה בבית קומות,4,חמישית,106,"3,150,000 ₪"
9,"20,546 ₪",1989,30/03/2025,החיננית 6,10744-58-19,לא ידוע,3,חמישית,62.3,"1,280,000 ₪"
0,"14,190 ₪",0,30/03/2025,ללא כתובת,11359-81-144,דירה בבית קומות,3,שניה,84,"1,192,000 ₪"
0,"17,400 ₪",0,30/03/2025,ללא כתובת,10810-337-6,דירה בבית קומות,2,ראשונה,50.64,"870,000 ₪"
4,"17,778 ₪",1970,30/03/2025,סעדיה גאון 18,10745-167-5,דירה בבית קומות,3,ראשונה,54.9,"960,000 ₪"
16,"19,355 ₪",1970,30/03/2025,אורן 29,11192-316-7,דירה בבית קומות,3,שלישית,62.25,"1,200,000 ₪"
5,"39,716 ₪",1960,30/03/2025,בועז 7,10760-66-13,דירה בבית קומות,5,קומה 5,141,"5,600,000 ₪"
4,"18,966 ₪",1960,28/03/2025,יאיר שטרן 13,10802-159-33,דירה בבית קומות,5,קרקע,116,"2,200,000 ₪"
3,"31,209 ₪",2015,28/03/2025,חביבה 62,11196-14-2,דירה בבית קומות,3,קרקע,45.5,"1,420,000 ₪"
5,"17,010 ₪",1960,27/03/2025,מרסיי 9,10745-158-33,דירה בבית קומות,4,קרקע,97,"1,650,000 ₪"
4,"22,500 ₪",1970,27/03/2025,"אצ""ל 17",10749-54-19,דירה בבית קומות,3,ראשונה,60.9,"1,350,000 ₪"
3,"38,323 ₪",1970,27/03/2025,שלמה המלך 55,10750-41-3,דירה בבית קומות,2,ראשונה,31.5,"1,188,000 ₪"
3,"18,834 ₪",2001,27/03/2025,ציפר 27,11584-11-3,דירה בבית קומות,4,ראשונה,80.97,"1,525,000 ₪"
3,"14,397 ₪",1960,27/03/2025,יד לבנים 37,12482-19-9,דירה בבית קומות,2,ראשונה,44.8,"645,000 ₪"
4,"23,962 ₪",1960,27/03/2025,אנילביץ מרדכי 16,10930-13-19,דירה בבית קומות,3,שלישית,53.1,"1,270,000 ₪"
2,"23,056 ₪",1960,27/03/2025,איתנים 6,10759-51-9,דירה בבית קומות,5,חמישית,108,"2,490,000 ₪"
0,"21,885 ₪",0,27/03/2025,ללא כתובת,10925-209-3,דירה בבית קומות,3,שלישית,61,"1,335,000 ₪"
4,"19,521 ₪",1970,27/03/2025,ז'ורס 31,10906-280-9,דירה בבית קומות,3,ראשונה,73.5,"1,425,000 ₪"
0,"16,094 ₪",0,27/03/2025,ללא כתובת,10861-235-10,דירה בבית קומות,3,שניה,63.5,"1,022,000 ₪"
0,"14,167 ₪",0,27/03/2025,ללא כתובת,11359-81-145,דירה בבית קומות,3,ראשונה,84,"1,190,000 ₪"
0,"24,046 ₪",0,26/03/2025,ללא כתובת,10861-309-11,דירה בבית קומות,1.5,ראשונה,26.2,"630,000 ₪"
3,"20,214 ₪",1970,26/03/2025,דרך הים 160,10747-39-1,דירה בבית קומות,4,ראשונה,84.1,"1,700,000 ₪"
0,"14,815 ₪",0,26/03/2025,ללא כתובת,10861-361-5,דירה בבית קומות,3,ראשונה,54,"800,000 ₪"
1,"26,735 ₪",2023,26/03/2025,אמציהו המלך 4,10751-18-2,דירה בבית קומות,4,עשרים ושלוש,98,"2,620,000 ₪"
8,"17,045 ₪",2004,26/03/2025,דב פרומר 28,12693-19-12,דירה בבית קומות,4,שלישית,88.96,"1,500,000 ₪"
1,"5,963 ₪",1979,26/03/2025,הראשונים 60,11581-72-7,דירה בבית קומות,4,שניה שלישית ורביעית,109.83,"650,000 ₪"
3,"18,208 ₪",2012,26/03/2025,חומה ומגדל 62,11539-2-3,דירה בבית קומות,4,ראשונה,106.6,"1,930,000 ₪"
8,"19,344 ₪",1970,25/03/2025,כברי 6,11572-239-7,דירה בבית קומות,3,שניה,61.3,"1,180,000 ₪"
8,"20,741 ₪",2015,25/03/2025,נווה גנים 4,10925-216-9,דירה בבית קומות,3,קומה 3,54,"1,120,000 ₪"
8,"24,118 ₪",1980,25/03/2025,פרויד 42,10794-178-28,דירה בבית קומות,4,קומה 7,85.3,"2,050,000 ₪"
6,"14,254 ₪",1998,25/03/2025,נורית 32,11189-235-4,דירה בבית קומות,5,"קומה 2, קומה 3",126.98,"1,796,000 ₪"
2,"15,682 ₪",1960,25/03/2025,הגליל 65,10882-5-6,דירה בבית קומות,3,שניה,88.1,"1,380,000 ₪"
7,"14,634 ₪",1960,25/03/2025,ברנר 5,11194-287-18,דירה בבית קומות,2,רביעית,41.02,"600,000 ₪"
4,"21,979 ₪",1960,25/03/2025,חביבה 24,11194-280-43,דירה בבית קומות,2,שניה,48.6,"1,055,000 ₪"
3,"23,214 ₪",2016,24/03/2025,דיזרעאלי 35,10781-54-9,דירה בבית קומות,4,קומה 2,98.59,"2,275,000 ₪"
1,"16,463 ₪",1950,24/03/2025,הפלוגות 53,11570-134-3,דירה בבית קומות,3,ראשונה,82,"1,350,000 ₪"
2,"20,857 ₪",1960,24/03/2025,הארזים 5,11571-128-3,דירה בבית קומות,3,ראשונה,70,"1,460,000 ₪"
10,"18,182 ₪",2018,24/03/2025,יפעה 1,10733-122-21,דירה בבית קומות,4.5,שלוש עשרה,143,"2,600,000 ₪"
0,"14,298 ₪",0,24/03/2025,ללא כתובת,11359-81-146,דירה בבית קומות,3,רביעית,84,"1,201,000 ₪"
3,"4,324 ₪",1950,24/03/2025,ברל כצנלסון 29,11200-271-1,דירה בבית קומות,2,ראשונה,37,"160,000 ₪"
5,לא ידוע,2000,24/03/2025,יצחק אלחנן 16,12511-5-13,חניה,לא ידוע,לא ידוע,לא ידוע,"90,000 ₪"
0,"11,618 ₪",0,24/03/2025,ללא כתובת,10861-8-19,דירה בבית קומות,3,רביעית,68,"790,000 ₪"
1,"28,947 ₪",1960,24/03/2025,הפלוגות 33,11563-111-5,דירה בבית קומות,2,קרקע,38,"1,100,000 ₪"
0,"17,188 ₪",0,24/03/2025,ללא כתובת,10810-208-7,דירה בבית קומות,3,שניה,64.41,"1,100,000 ₪"
3,"14,140 ₪",1970,24/03/2025,הראשונים 24,11575-69-8,דירה בבית קומות,4,שלישית,93.1,"1,315,000 ₪"
2,"3,659 ₪",1930,24/03/2025,הס 41,12314-34-6,דירה בבית קומות,3,שניה,82,"300,000 ₪"
8,"22,636 ₪",1980,24/03/2025,הבישוף חג'אר 2,10913-49-24,דירה בבית קומות,4,שביעית,64.5,"1,460,000 ₪"
3,"16,500 ₪",1960,23/03/2025,יד לבנים 128,11720-58-1,דירה בבית קומות,3,קרקע,60,"990,000 ₪"
3,"33,276 ₪",1960,23/03/2025,איתנים 3,10759-82-1,דירה בבית קומות,3,קרקע,58,"1,930,000 ₪"
0,"22,642 ₪",0,23/03/2025,ללא כתובת,11194-461-52,דירה בבית קומות,4,לא ידוע,106,"2,400,000 ₪"
7,"21,786 ₪",2002,23/03/2025,אריה דולצ'ין 4,11212-104-6,דירה בבית קומות,3,ראשונה,70,"1,525,000 ₪"
4,"28,413 ₪",1960,23/03/2025,כרמי 5,11191-19-21,דירה בבית קומות,3,שניה,63.03,"1,790,000 ₪"
5,"22,115 ₪",1970,23/03/2025,שוהם 37,10768-14-6,דירה בבית קומות,4,שלישית,104,"2,300,000 ₪"
4,"21,633 ₪",1960,23/03/2025,"מח""ל 9",11567-624-8,דירה בבית קומות,3,רביעית,49,"1,060,000 ₪"
0,"13,740 ₪",0,23/03/2025,ללא כתובת,10860-204-9,דירה בבית קומות,3,ראשונה,75.35,"1,035,300 ₪"
4,"2,964 ₪",1980,23/03/2025,התיכון 24,12463-6-5,לא ידוע,3,ראשונה,78.6,"233,000 ₪"
1,"32,000 ₪",1966,23/03/2025,הנטקה 12,10783-11-5,דירה בבית קומות,5,שביעית,130,"4,160,000 ₪"
21,"19,136 ₪",1960,23/03/2025,מאירהוף 7,10916-26-50,דירה בבית קומות,4,תשיעית,81.71,"1,550,000 ₪"
11,"16,242 ₪",1990,21/03/2025,אחווה 18,10917-103-6,דירה בבית קומות,3,ראשונה,76.96,"1,250,000 ₪"
3,"26,389 ₪",1960,20/03/2025,שבטי ישראל 58,11539-81-14,דירה בבית קומות,2.5,שניה,36.5,"950,000 ₪"
4,"12,905 ₪",1940,20/03/2025,אלנבי 37,10828-15-17,דירה בבית קומות,3,רביעית,74.28,"955,000 ₪"
2,"30,294 ₪",1950,20/03/2025,אליהו גולומב 35,12316-4-8,דירה בבית קומות,2.5,קרקע,34.47,"1,030,000 ₪"
0,"20,213 ₪",0,20/03/2025,ללא כתובת,10869-24-4,דירה בבית קומות,2.5,ראשונה,47.49,"950,000 ₪"
3,"46,667 ₪",2023,20/03/2025,פיכמן 20,11196-17-24,דירה בבית קומות,3,שלישית,45.5,"2,100,000 ₪"
3,"20,000 ₪",1999,20/03/2025,אלישבע קפלן 32,11582-61-1,דירה בבית קומות,3,קרקע,80.86,"1,600,000 ₪"
0,"18,276 ₪",0,20/03/2025,ללא כתובת,10860-143-15,דירה בבית קומות,2,שלישית,29,"530,000 ₪"
0,"10,000 ₪",0,20/03/2025,ללא כתובת,12504-13-15,דירה בבית קומות,3,חמישית,73.52,"730,000 ₪"
3,"16,502 ₪",1960,20/03/2025,שמשון 23,10767-16-1,דירה בבית קומות,4,ראשונה,101.2,"1,670,000 ₪"
6,"12,259 ₪",1960,20/03/2025,ערד 2,11212-22-28,דירה בבית קומות,3,שביעית,67.3,"825,000 ₪"
0,"11,938 ₪",0,20/03/2025,ללא כתובת,11359-81-147,דירה בבית קומות,3,ראשונה,80,"955,000 ₪"
3,"8,209 ₪",1960,19/03/2025,ברזילי 7,10864-121-7,דירה בבית קומות,3,ראשונה,67,"550,000 ₪"
7,"19,333 ₪",1970,19/03/2025,יהודה בורלא 30,11194-343-16,דירה בבית קומות,3,חמישית,60.9,"1,160,000 ₪"
10,"8,963 ₪",1980,19/03/2025,קאודרס 13,10804-53-19,דירה בבית קומות,3,רביעית,82.55,"735,000 ₪"
1,"31,284 ₪",1970,19/03/2025,אילון 4,10781-15-9,דירה בבית קומות,5,שלישית,134,"4,192,000 ₪"
1,"33,962 ₪",1955,19/03/2025,החשמונאים 13,12319-14-3,דירה בבית קומות,3,קרקע,53.3,"1,800,000 ₪"
0,"25,984 ₪",2026,19/03/2025,ברל כצנלסון 71,11200-230-1,דירה בבית קומות,5,שניה,127,"3,300,000 ₪"
4,"23,061 ₪",1960,19/03/2025,"מח""ל 13",11567-620-6,דירה בבית קומות,3,שלישית,49,"1,130,000 ₪"
15,"5,992 ₪",2013,19/03/2025,אלמוג 18,12721-30-83,דירה בבית קומות,5,קומה 2,116.65,"699,000 ₪"
6,"20,484 ₪",1960,19/03/2025,דובנוב 7,11196-80-14,דירה בבית קומות,3,שלישית,62,"1,270,000 ₪"
2,"24,500 ₪",1970,19/03/2025,ליונל ווטסון 16,10797-35-1,דירה בבית קומות,4.5,קרקע,100,"2,450,000 ₪"
0,"22,857 ₪",2023,19/03/2025,אמציהו המלך 7,10751-13-101,דירה בבית קומות,4,שישית,84,"1,920,000 ₪"
3,"19,068 ₪",1970,19/03/2025,מצפה 1,10882-32-5,דירה בבית קומות,4,שלישית,83.65,"1,595,000 ₪"
4,"20,333 ₪",1970,18/03/2025,"ש""י עגנון 38",10913-32-13,דירה בבית קומות,3,שלישית,60.5,"1,220,000 ₪"
6,"17,672 ₪",1960,18/03/2025,סטלה מריס 26,10913-14-45,דירה בבית קומות,3,ראשונה,58.05,"1,025,000 ₪"
4,"11,278 ₪",1960,18/03/2025,הרב אריה לוין 14,10444-2436-62,דירה בבית קומות,1.5,רביעית,39.9,"450,000 ₪"
0,"16,000 ₪",2024,18/03/2025,יציאת אירופה 6,10906-203-22,דירה בבית קומות,4,קרקע,130,"2,080,000 ₪"
2,"15,487 ₪",1970,18/03/2025,דרך הים 137,12328-9-7,דירה בבית קומות,4,שניה,113.7,"1,750,000 ₪"
2,"20,000 ₪",1950,18/03/2025,אליהו גולומב 27,12245-9-3,דירה בבית קומות,3,ראשונה,53,"1,060,000 ₪"
4,"30,556 ₪",1960,18/03/2025,הלבנה 11,10749-92-61,דירה בבית קומות,2,שניה,45.4,"1,375,000 ₪"
4,"20,548 ₪",1960,18/03/2025,הבסטיליה 8,10906-325-3,דירה בבית קומות,3,שניה,73,"1,500,000 ₪"
2,"16,204 ₪",1970,18/03/2025,קרן היסוד 30,11190-22-5,דירה בבית קומות,4,שניה,108.6,"1,750,000 ₪"
2,"23,109 ₪",1980,18/03/2025,הצלפים 6,11191-117-7,דירה בבית קומות,5,רביעית,119,"2,750,000 ₪"
7,"18,689 ₪",1970,17/03/2025,תענך 28,11212-24-155,דירה בבית קומות,3,שביעית,61.01,"1,140,000 ₪"
0,"17,778 ₪",0,17/03/2025,ללא כתובת,10810-268-6,דירה בבית קומות,2,מרתף,49.5,"880,000 ₪"
6,"18,404 ₪",1970,17/03/2025,פאר 49,11720-11-17,דירה בבית קומות,2,ראשונה,47.75,"865,000 ₪"
3,"15,567 ₪",1980,17/03/2025,הראשונים 30,11575-72-5,דירה בבית קומות,4,שניה,97.34,"1,510,000 ₪"
3,"19,078 ₪",1960,17/03/2025,התיכון 5,12461-7-8,דירה בבית קומות,5,קומה 0,115,"2,194,000 ₪"
2,"31,237 ₪",1930,17/03/2025,הסנה 8,12326-8-4,דירה בבית קומות,3,גג,48.66,"1,520,000 ₪"
1,"31,667 ₪",1960,17/03/2025,בועז 15,10764-27-11,דירה בבית קומות,5,חמישית,135,"4,275,000 ₪"
,,,17/03/2025,אחווה 25,10917-76-51,דירה בבית קומות,3,ראשונה,49.2,"1,000,000 ₪"
4,"20,408 ₪",1960,17/03/2025,הגיבורים 25,12489-4-12,דירה בבית קומות,2,ראשונה,51.5,"1,070,000 ₪"
4,"20,408 ₪",1960,17/03/2025,אלברט איינשטיין 129,10798-17-11,דירת גג,4,חמישית,106.66,"2,150,000 ₪"
4,"20,408 ₪",1960,17/03/2025,פינת בן שמן 4,12453-14-8,דירה בבית קומות,2,שניה,50,"850,000 ₪"
4,"20,408 ₪",1960,17/03/2025,הפרחים 5,11192-288-13,דירה בבית קומות,3,שלישית,52,"450,000 ₪"
4,"20,408 ₪",1960,17/03/2025,נורית 16,12687-74-8,דירה בבית קומות,5,קומה 4,111.25,"1,675,000 ₪"
4,"20,408 ₪",1960,17/03/2025,פרויד 22,10785-67-11,דירה בבית קומות,5,שישית,102,"2,690,000 ₪"
4,"20,408 ₪",1960,16/03/2025,אמציהו המלך 3,10751-14-10,דירה בבית קומות,5,שניה,122,"2,400,000 ₪"
0,"23,568 ₪",0,16/03/2025,ללא כתובת,10914-72-3,דירה בבית קומות,5,שלישית,118,"2,781,000 ₪"
7,"25,455 ₪",1960,16/03/2025,סילבר אבא הלל 41,10881-15-46,דירה בבית קומות,1,שלישית,27.5,"700,000 ₪"
2,"46,324 ₪",2027,16/03/2025,זרובבל 23,10773-16-1,דירה בבית קומות,2,קרקע,50.73,"2,350,000 ₪"
0,"14,237 ₪",0,16/03/2025,ללא כתובת,10861-310-3,דירה בבית קומות,3,קרקע,59.69,"840,000 ₪"
9,"24,306 ₪",1998,16/03/2025,החשמונאים 31,10926-74-9,דירה בבית קומות,3,חמישית,72.65,"1,750,000 ₪"
4,"16,833 ₪",1960,16/03/2025,בן צבי יצחק 64,11586-121-7,דירה בבית קומות,3,רביעית,60.09,"1,010,000 ₪"
3,"13,306 ₪",1960,16/03/2025,"יל""ג 4",10864-144-10,דירה בבית קומות,2,שלישית,62.15,"825,000 ₪"
4,"30,120 ₪",1970,16/03/2025,"ויצ""ו 20",10762-26-8,דירה בבית קומות,5,רביעית,83.8,"2,500,000 ₪"
5,"20,721 ₪",2005,16/03/2025,תאשור 1,11189-224-6,דירה בבית קומות,5,קומה 2,111.18,"2,300,000 ₪"
12,"18,112 ₪",1960,14/03/2025,הנשיא 124,10807-39-67,דירה בבית קומות,3,שמינית,85.19,"1,543,000 ₪"
