קומות במבנה,שנת בנייה,תאריך עסקה,כתובת,גוש/חלקה/תת-חלקה,סוג נכס,חדרים,קומה,"מ""ר",מחיר
,,06/04/2025,בירם 11,11196-2-130,דירה בבית קומות,4,רביעית,87.6,"1,442,000 ₪"
17,1970,27/02/2025,בירם 11,11196-2-160,דירה בבית קומות,3,שתים עשרה,105.7,"1,375,000 ₪"
17,1970,02/03/2006,בירם 11,11196-2-160,דירה בבית קומות,3,שתים עשרה,105.7,"893,000 ₪"
16,2008,17/01/2025,חלמיש 2,11196-130-170,דירה בבית קומות,4,רביעית,115,"1,935,000 ₪"
16,2008,12/01/2025,חלמיש 6,11196-130-169,דירה בבית קומות,3,שלישית,90,"1,590,000 ₪"
16,2008,10/01/2025,חלמיש 6,11196-130-168,דירה בבית קומות,4,עשירית,130,"2,575,000 ₪"
17,1970,05/01/2025,בירם 11,11196-2-134,דירה בבית קומות,4,חמישית,88.1,"528,000 ₪"
17,1970,05/04/2001,בירם 11,11196-2-134,דירה בבית קומות,4,חמישית,88.1,"758,000 ₪"
1,1995,18/12/2024,משה בליטנטל 36,12727-19-1,דירה בבית קומות,5,ראשונה,137,"3,000,000 ₪"
16,2008,01/12/2024,חלמיש 2,11196-130-167,דירה בבית קומות,3,שישית,77,"1,680,000 ₪"
16,2008,01/12/2024,חלמיש 2,11196-130-166,דירה בבית קומות,4,שלוש עשרה,115,"1,380,000 ₪"
2,1990,09/10/2024,יקינתון 69,11195-1-3,דירה בבית קומות,5,לא ידוע,129,"2,220,000 ₪"
16,2008,09/10/2024,חלמיש 8,11196-130-165,דירה בבית קומות,5,שישית,109,"1,750,000 ₪"
17,1970,05/09/2024,בירם 11,11196-2-156,לא ידוע,5,אחת עשרה,106.2,"1,400,000 ₪"
17,1970,23/03/2016,בירם 11,11196-2-156,לא ידוע,5,אחת עשרה,106.2,"1,359,000 ₪"
1,1985,15/08/2024,משה בליטנטל 15,12842-19-1,דירה בבית קומות,5,שלישית,120,"2,250,000 ₪"
1,1996,29/07/2024,יקינתון 62,11195-8-2,דירה בבית קומות,6,שניה,155,"2,590,000 ₪"
0,0,20/05/2024,ללא כתובת,12842-1-2,דירה בבית קומות,5,שניה,179,"2,700,000 ₪"
3,2000,12/04/2024,סתוונית 13,10800-17-6,דירה בבית קומות,5,שלישית,120,"2,970,000 ₪"
5,2004,19/03/2024,שחם 2,11196-121-6,דירה בבית קומות,4,שלישית,99,"2,250,000 ₪"
5,2004,06/05/2020,שחם 2,11196-121-6,דירה בבית קומות,4,שלישית,99,"1,620,000 ₪"
5,2004,11/01/2010,שחם 2,11196-121-6,דירה בבית קומות,4,שלישית,99,"1,599,000 ₪"
5,2004,18/08/2003,שחם 2,11196-121-6,דירה בבית קומות,4,שלישית,99,"1,139,000 ₪"
0,0,01/02/2024,ללא כתובת,12727-5-2,דירה בבית קומות,5,ראשונה,118,"2,170,000 ₪"
12,1970,29/01/2024,בירם 1,11196-2-28,דירה בבית קומות,3,שביעית,79.5,"1,470,000 ₪"
12,1970,04/03/2013,בירם 1,11196-2-28,דירה בבית קומות,3,שביעית,79.5,"1,149,000 ₪"
12,1970,14/05/1998,בירם 1,11196-2-28,דירה בבית קומות,3,שביעית,79.5,"733,000 ₪"
0,0,04/01/2024,ללא כתובת,10800-27-6,דירה בבית קומות,5,שלישית,112,"1,750,000 ₪"
16,2008,28/12/2023,חלמיש 8,11196-130-164,דירה בבית קומות,5,שתים עשרה,93,"2,280,000 ₪"
2,1990,21/12/2023,יקינתון 69,11195-1-2,דירה בבית קומות,5,חמישית,114,"2,424,200 ₪"
16,2008,14/12/2023,חלמיש 8,11196-130-163,דירה בבית קומות,4,חמש עשרה,90,"1,930,000 ₪"
5,2004,03/12/2023,שחם 2,11196-121-8,דירה בבית קומות,4,רביעית,95,"2,050,000 ₪"
13,1970,30/11/2023,בירם 3,11196-2-67,דירה בבית קומות,3,רביעית,63,"1,190,000 ₪"
17,1970,02/11/2023,בירם 11,11196-2-146,דירה בבית קומות,4,שמינית,86.5,"645,000 ₪"
16,2008,15/08/2023,חלמיש 8,11196-130-162,דירה בבית קומות,2,ראשונה,64,"944,000 ₪"
16,2008,11/08/2023,חלמיש 6,11196-130-161,דירה בבית קומות,4,חמישית,94,"1,850,000 ₪"
1,1995,26/07/2023,סלעית 7,11194-329-1,דירה בבית קומות,5,ראשונה,104,"2,750,000 ₪"
16,2008,30/06/2023,חלמיש 8,11196-130-160,דירה בבית קומות,5,שישית,110,"1,930,000 ₪"
1,1995,12/06/2023,הסחלב 9,11195-11-4,דירה בבית קומות,4,שלישית,109,"2,530,000 ₪"
1,1996,08/06/2023,סייפן 10,12842-7-1,דירת גג,5,שניה,115,"2,420,000 ₪"
5,2004,07/05/2023,שחם 2,11196-121-5,דירה בבית קומות,4,שניה,98,"2,175,000 ₪"
16,2008,30/04/2023,חלמיש 4,11196-130-159,דירה בבית קומות,4,שמינית,87,"2,330,000 ₪"
16,2008,23/03/2023,חלמיש 2,11196-130-158,דירה בבית קומות,4,אחת עשרה,79,"1,920,000 ₪"
12,1970,20/02/2023,בירם 1,11196-2-30,דירה בבית קומות,5,שמינית,129.6,"1,550,000 ₪"
12,1970,22/07/2010,בירם 1,11196-2-30,דירה בבית קומות,5,שמינית,129.6,"1,250,000 ₪"
12,1970,22/06/2007,בירם 1,11196-2-30,דירה בבית קומות,5,שמינית,129.6,"730,000 ₪"
16,2008,13/02/2023,חלמיש 4,11196-130-157,דירה בבית קומות,5,תשיעית,99,"2,200,000 ₪"
12,1970,02/02/2023,בירם 1,11196-2-5,דירה בבית קומות,2,ראשונה,70,"1,200,000 ₪"
12,1970,09/09/2015,בירם 1,11196-2-5,דירה בבית קומות,2,ראשונה,70,"900,000 ₪"
16,2008,29/01/2023,חלמיש 6,11196-130-156,דירה בבית קומות,4,שישית,111,"2,020,000 ₪"
16,2008,18/01/2023,חלמיש 6,11196-130-155,דירה בבית קומות,3,שלישית,90,"1,500,000 ₪"
16,2008,16/01/2023,חלמיש 6,11196-130-154,דירה בבית קומות,2,שניה,47,"1,220,000 ₪"
2,1995,24/11/2022,יקינתון 73,12727-4-2,דירת גג,5,שלישית,140,"1,275,000 ₪"
1,1995,18/11/2022,סייפן 13,12842-14-1,דירה בבית קומות,3,ראשונה,96,"1,750,000 ₪"
1,1993,22/09/2022,סייפן 6,12842-2-1,דירה בבית קומות,5,שניה,105,"2,050,000 ₪"
16,2008,21/09/2022,חלמיש 2,11196-130-153,דירה בבית קומות,4,שמינית,100,"1,860,000 ₪"
0,0,13/09/2022,ללא כתובת,12727-21-1,דירה בבית קומות,3,שניה,70,"1,180,000 ₪"
2,1997,12/09/2022,משה בליטנטל 50,10800-25-2,דירה בבית קומות,6,רביעית,149,"2,800,000 ₪"
0,0,09/09/2022,ללא כתובת,10800-8-3,קוטג' חד משפחתי,7,ראשונה,180,"4,150,000 ₪"
5,2003,05/09/2022,שחם 4,11196-121-18,דירה בבית קומות,4,שלישית,99,"2,100,000 ₪"
1,1990,25/08/2022,משה בליטנטל 30,12727-20-1,קוטג' חד משפחתי,5,ראשונה,220,"4,900,000 ₪"
17,1970,16/08/2022,בירם 11,11196-2-119,דירה בבית קומות,4,שניה,87.8,"1,420,000 ₪"
16,2008,31/07/2022,חלמיש 8,11196-130-152,דירה בבית קומות,2,רביעית,65,"1,270,000 ₪"
16,2008,13/07/2022,חלמיש 2,11196-130-151,דירה בבית קומות,5,חמישית,123,"1,720,000 ₪"
16,2008,11/07/2022,חלמיש 8,11196-130-150,דירה בבית קומות,3,רביעית,64,"1,540,000 ₪"
16,2008,10/07/2022,חלמיש 8,11196-130-149,דירה בבית קומות,4,עשירית,108,"1,850,000 ₪"
12,1970,04/07/2022,בירם 1,11196-2-9,דירה בבית קומות,2,שניה,65.2,"1,300,000 ₪"
12,1970,31/07/2015,בירם 1,11196-2-9,דירה בבית קומות,2,שניה,65.2,"950,000 ₪"
1,1993,09/06/2022,סייפן 4,12726-10-1,דירה בבית קומות,5,שניה,133,"2,065,000 ₪"
3,1996,07/06/2022,יקינתון 61,11195-5-5,דירה בבית קומות,5,שלישית,135,"2,300,000 ₪"
16,2008,18/05/2022,חלמיש 2,11196-130-148,דירה בבית קומות,4,אחת עשרה,103,"2,050,000 ₪"
1,1994,03/05/2022,סייפן 11,12842-6-1,דירה בבית קומות,5,ראשונה,104,"2,900,000 ₪"
0,0,14/04/2022,ללא כתובת,12727-5-1,דירה בבית קומות,5,רביעית,105,"2,400,000 ₪"
16,2008,14/04/2022,חלמיש 2,11196-130-147,דירה בבית קומות,3,רביעית,77,"1,200,000 ₪"
17,1970,24/03/2022,בירם 11,11196-2-150,דירה בבית קומות,3,תשיעית,75.4,"1,240,000 ₪"
16,2008,14/03/2022,חלמיש 8,11196-130-171,דירה בבית קומות,5,שמינית,93,"1,830,000 ₪"
16,2008,14/03/2022,חלמיש 8,11196-130-145,דירה בבית קומות,4,שמינית,115,"1,990,000 ₪"
13,1970,10/03/2022,בירם 3,11196-2-85,דירה בבית קומות,4,תשיעית,116.8,"1,430,000 ₪"
13,1970,05/09/2007,בירם 3,11196-2-85,דירה בבית קומות,4,תשיעית,116.8,"810,000 ₪"
16,2008,06/03/2022,חלמיש 2,11196-130-144,דירה בבית קומות,4,שניה,90,"1,800,000 ₪"
16,2008,27/02/2022,חלמיש 8,11196-130-143,דירה בבית קומות,2,חמישית,54,"1,236,000 ₪"
0,0,31/01/2022,ללא כתובת,10800-27-5,דירה בבית קומות,5,שלישית,166,"2,484,800 ₪"
13,1970,24/01/2022,בירם 3,11196-2-83,דירה בבית קומות,4,שמינית,65.8,"1,050,000 ₪"
13,1970,18/01/2022,בירם 3,11196-2-78,דירה בבית קומות,3,שביעית,76.1,"642,000 ₪"
13,1970,מחיר,בירם 3,11196-2-78,דירה בבית קומות,3,שביעית,76.1,1
13,1970,50%,בירם 3,11196-2-78,דירה בבית קומות,3,שביעית,76.1,"321,000 ₪"
13,1970,2,בירם 3,11196-2-78,דירה בבית קומות,3,שביעית,76.1,50%
13,1970,"321,000 ₪",בירם 3,11196-2-78,דירה בבית קומות,3,שביעית,76.1,
3,1996,29/12/2021,יקינתון 61,11195-5-3,דירה בבית קומות,5,שלישית,130,"1,750,000 ₪"
3,1996,29/12/2021,יקינתון 61,11195-5-4,לא ידוע,5,שלישית,130,"1,750,000 ₪"
0,0,14/12/2021,ללא כתובת,12727-28-1,דירת גן,5,ראשונה,110,"2,900,000 ₪"
1,1997,18/11/2021,משה בליטנטל 38,12727-17-1,דירת גן,6,ראשונה,156,"2,015,000 ₪"
16,2008,15/10/2021,חלמיש 6,11196-130-142,דירה בבית קומות,5,עשירית,110,"1,890,000 ₪"
16,2008,06/10/2021,חלמיש 6,11196-130-172,דירה בבית קומות,5,ראשונה,132,"1,863,100 ₪"
2,2000,03/10/2021,יקינתון 63,11195-3-6,דירה בבית קומות,6,שישית,163,"1,998,000 ₪"
16,2008,06/08/2021,חלמיש 2,11196-130-141,דירה בבית קומות,4,שלוש עשרה,115,"1,770,000 ₪"
2,1980,02/08/2021,יקינתון 67,11195-2-4,דירה בבית קומות,5,שניה,110,"2,050,000 ₪"
3,1970,20/07/2021,אבא חושי 33,12726-8-6,דירה בבית קומות,4,שלישית,101.15,"1,650,000 ₪"
17,1970,02/07/2021,בירם 11,11196-2-120,דירה בבית קומות,4,שניה,106.8,"1,100,000 ₪"
0,0,01/07/2021,ללא כתובת,10800-8-2,דירה בבית קומות,5,ראשונה,115,"2,700,000 ₪"
16,2008,29/06/2021,חלמיש 4,11196-130-140,דירה בבית קומות,4,רביעית,115,"1,830,000 ₪"
0,0,25/06/2021,ללא כתובת,12727-33-2,דירה בבית קומות,5,ראשונה,127,"2,550,000 ₪"
16,2008,18/06/2021,חלמיש 4,11196-130-139,דירה בבית קומות,4,שלישית,80,"1,670,000 ₪"
2,1980,13/06/2021,יקינתון 67,11195-2-3,דירה בבית קומות,5,ראשונה,115,"2,520,000 ₪"
0,0,06/06/2021,ללא כתובת,11195-101-8,דירה בבית קומות,5,שניה,111,"2,645,000 ₪"
2,1995,24/05/2021,יקינתון 73,12727-4-1,דירת גן,5,ראשונה,110,"2,700,000 ₪"
7,2009,11/05/2021,שחם 5,11196-144-2,דירה בבית קומות,5,קומה 0,126.85,"2,670,000 ₪"
7,2009,03/09/2009,שחם 5,11196-144-2,דירה בבית קומות,5,קומה 0,126.85,"1,615,000 ₪"
7,2009,25/05/2009,שחם 5,11196-144-2,דירה בבית קומות,5,קומה 0,126.85,"1,295,000 ₪"
2,2000,25/04/2021,יקינתון 63,11195-3-5,דירה בבית קומות,3,ראשונה,66,"1,053,000 ₪"
5,2004,12/04/2021,שחם 2,11196-121-2,דירה בבית קומות,4,ראשונה,98,"2,000,000 ₪"
5,2004,04/06/2009,שחם 2,11196-121-2,דירה בבית קומות,4,ראשונה,98,"1,400,000 ₪"
16,2008,03/03/2021,חלמיש 4,11196-130-173,דירה בבית קומות,5,שביעית,144,"2,300,000 ₪"
16,2008,21/02/2021,חלמיש 6,11196-130-137,דירה בבית קומות,3,שניה,77,"1,340,000 ₪"
13,1970,01/02/2021,בירם 3,11196-2-65,דירה בבית קומות,4,רביעית,116.8,"1,580,000 ₪"
13,1970,19/07/2013,בירם 3,11196-2-65,דירה בבית קומות,4,רביעית,116.8,"1,135,000 ₪"
16,2008,15/01/2021,חלמיש 4,11196-130-136,דירה בבית קומות,4,חמישית,80,"1,700,000 ₪"
16,2008,14/01/2021,חלמיש 4,11196-130-135,דירה בבית קומות,6,שישית,144,"2,400,000 ₪"
5,2003,16/12/2020,שחם 4,11196-121-14,דירת גן,4,ראשונה,98,"1,930,000 ₪"
16,2008,07/12/2020,חלמיש 4,11196-130-134,דירת גן,4,שמינית,100,"1,760,000 ₪"
0,0,04/11/2020,ללא כתובת,10800-8-1,דירה בבית קומות,5,ראשונה,180,"2,350,000 ₪"
17,1970,26/08/2020,בירם 11,11196-2-165,דירה בבית קומות,4,שלוש עשרה,87.3,"1,250,000 ₪"
1,1993,14/08/2020,משה בליטנטל 28,12727-23-2,דירה בבית קומות,5,ראשונה,150,"2,650,000 ₪"
3,1996,06/08/2020,הסחלב 11,11195-12-5,דירה בבית קומות,3,ראשונה,65,"1,306,000 ₪"
0,0,04/08/2020,ללא כתובת,12727-24-5,דירה בבית קומות,5,ראשונה,118,"1,950,000 ₪"
0,0,02/08/2020,ללא כתובת,12842-1-1,דירה בבית קומות,5,לא ידוע,142,"1,940,000 ₪"
17,1970,22/07/2020,בירם 11,11196-2-161,דירה בבית קומות,4,שתים עשרה,87,"1,400,000 ₪"
13,1970,16/06/2020,בירם 3,11196-2-97,דירה בבית קומות,3,שתים עשרה,98.2,"1,300,000 ₪"
16,2008,14/06/2020,חלמיש 6,11196-130-133,דירה בבית קומות,4,תשיעית,112,"1,600,000 ₪"
0,0,03/05/2020,משה בליטנטל 23,12842-26-1,קרקע למגורים,לא ידוע,לא ידוע,223,"1,211,000 ₪"
16,2008,05/02/2020,חלמיש 8,11196-130-132,דירה בבית קומות,4,עשירית,115,"1,580,000 ₪"
0,0,26/01/2020,ללא כתובת,12727-24-4,דירה בבית קומות,5,שניה,120,"1,990,000 ₪"
16,2008,15/12/2019,חלמיש 8,11196-130-130,דירה בבית קומות,4.5,שתים עשרה,109,"1,590,000 ₪"
16,2008,15/12/2019,חלמיש 6,11196-130-131,דירה בבית קומות,4,עשירית,110,"1,780,000 ₪"
13,1970,30/10/2019,בירם 3,11196-2-71,דירה בבית קומות,2.5,חמישית,63.8,"900,000 ₪"
0,0,22/10/2019,ללא כתובת,12842-10-2,דירת גג,6,לא ידוע,135,"3,000,000 ₪"
0,1994,16/10/2019,משה בליטנטל 33,12727-13-1,דירה בבית קומות,5,לא ידוע,182,"2,700,000 ₪"
12,1970,25/09/2019,בירם 1,11196-2-47,דירה בבית קומות,4,שתים עשרה,129.9,"1,100,000 ₪"
16,2008,18/09/2019,חלמיש 8,11196-130-129,דירה בבית קומות,4.5,שביעית,110,"1,650,000 ₪"
17,1970,12/08/2019,בירם 11,11196-2-167,דירה בבית קומות,5,ארבע עשרה,105.7,"1,590,000 ₪"
17,1970,06/05/2012,בירם 11,11196-2-167,דירה בבית קומות,5,ארבע עשרה,105.7,"905,000 ₪"
1,1996,12/08/2019,משה בליטנטל 17,12842-18-1,דירה בבית קומות,5,שניה,129,"2,210,000 ₪"
16,2008,12/06/2019,חלמיש 2,11196-130-174,דירה בבית קומות,3,רביעית,77,"1,155,000 ₪"
2,2000,18/04/2019,יקינתון 63,11195-3-4,דירה בבית קומות,3,ראשונה,66,"1,580,000 ₪"
3,1970,15/04/2019,אבא חושי 33,12726-8-1,דירה בבית קומות,4,ראשונה,86.8,"1,369,000 ₪"
16,2008,15/03/2019,חלמיש 8,11196-130-128,דירה בבית קומות,4,חמישית,120,"1,599,000 ₪"
1,1995,13/03/2019,הסחלב 9,11195-11-3,דירה בבית קומות,5,שלישית,129,"2,450,000 ₪"
0,0,07/03/2019,ללא כתובת,12727-24-3,דירת גן,5,לא ידוע,114,"2,630,000 ₪"
12,1970,07/03/2019,בירם 1,11196-2-32,דירה בבית קומות,3,שמינית,81.3,"1,155,000 ₪"
17,1970,25/02/2019,בירם 11,11196-2-145,דירה בבית קומות,4,שמינית,105.9,"1,299,000 ₪"
16,2008,18/02/2019,חלמיש 8,11196-130-127,דירה בבית קומות,3,שמינית,70,"1,265,000 ₪"
0,0,14/02/2019,ללא כתובת,10800-3-2,דירת גן,5,רביעית,186,"2,200,000 ₪"
16,2008,13/02/2019,חלמיש 2,11196-130-126,דירה בבית קומות,4,רביעית,125,"1,650,000 ₪"
5,2004,08/02/2019,שחם 6,11196-121-24,דירה בבית קומות,4,קרקע,95,"2,250,000 ₪"
0,0,04/02/2019,סייפן 15,10799-51-1,דירה בבית קומות,5,שניה,99,"1,950,000 ₪"
3,1996,03/02/2019,הסחלב 11,11195-12-4,דירה בבית קומות,5,רביעית,140,"860,000 ₪"
5,2004,17/01/2019,שחם 6,11196-121-26,דירה בבית קומות,4,ראשונה,98,"2,150,000 ₪"
5,2004,29/06/2003,שחם 6,11196-121-26,דירה בבית קומות,4,ראשונה,98,"1,335,000 ₪"
5,2004,31/12/2018,שחם 6,11196-121-32,דירה בבית קומות,4,רביעית,95,"2,049,000 ₪"
0,0,29/11/2018,ללא כתובת,11195-101-7,דירה,5,לא ידוע,132,"3,000,000 ₪"
17,1970,22/11/2018,בירם 11,11196-2-25,דירה בבית קומות,2,שישית,63.7,"910,000 ₪"
17,1970,26/11/2002,בירם 11,11196-2-25,דירה בבית קומות,2,שישית,63.7,"558,000 ₪"
0,0,20/11/2018,משה בליטנטל 24,10799-39-1,מגורים,לא ידוע,לא ידוע,928,"2,375,000 ₪"
0,0,14/11/2018,ללא כתובת,11195-101-6,דירה,5,לא ידוע,132,"3,000,000 ₪"
0,0,01/11/2018,ללא כתובת,10799-46-1,דירה בבית קומות,3,לא ידוע,90,"1,000,000 ₪"
0,0,11/10/2018,ללא כתובת,11195-101-5,דירה,5,לא ידוע,133,"2,900,000 ₪"
0,0,04/10/2018,ללא כתובת,11195-6-1,דירה בבית קומות,4,שלישית,97,"1,800,000 ₪"
16,2008,17/09/2018,חלמיש 8,11196-130-125,דירה בבית קומות,4.5,עשירית,109,"1,795,000 ₪"
0,0,16/09/2018,סייפן 2,10799-69-1,דירה בבית קומות,5,ראשונה,110,"1,870,000 ₪"
0,0,05/09/2018,ללא כתובת,11195-101-4,דירה,4,לא ידוע,108,"2,365,000 ₪"
0,0,27/08/2018,ללא כתובת,10799-19-1,דירה בבית קומות,4,שלישית,101,"1,820,000 ₪"
0,0,12/06/2018,סייפן 15,10799-51-2,דירה בבית קומות,4,ראשונה,100,"1,155,000 ₪"
13,1970,11/06/2018,בירם 3,11196-2-99,דירה בבית קומות,2,שתים עשרה,60.5,"1,050,000 ₪"
13,1970,14/08/2014,בירם 3,11196-2-99,דירה בבית קומות,2,שתים עשרה,60.5,"950,000 ₪"
13,1970,19/03/2010,בירם 3,11196-2-99,דירה בבית קומות,2,שתים עשרה,60.5,"800,000 ₪"
13,1970,22/06/2005,בירם 3,11196-2-99,דירה בבית קומות,2,שתים עשרה,60.5,"590,000 ₪"
3,2000,06/06/2018,סתוונית 13,10800-17-5,דירה בבית קומות,5,לא ידוע,120,"2,785,000 ₪"
0,0,11/05/2018,ללא כתובת,10799-22-1,דירה בבית קומות,5,לא ידוע,120,"2,000,000 ₪"
12,1970,08/05/2018,בירם 1,11196-2-36,דירה בבית קומות,3,תשיעית,79.4,"1,400,000 ₪"
12,1970,14/10/2012,בירם 1,11196-2-36,דירה בבית קומות,3,תשיעית,79.4,"799,000 ₪"
0,0,28/03/2018,משה בליטנטל 15,10799-57-1,דירה בבית קומות,4,שלישית,118,"2,150,000 ₪"
0,0,25/03/2018,ללא כתובת,10799-18-1,דירה בבית קומות,5,שניה,120,"2,100,000 ₪"
17,1970,22/03/2018,בירם 11,11196-2-138,דירה בבית קומות,4,שישית,86.1,"1,280,000 ₪"
17,1970,26/02/2018,בירם 11,11196-2-135,דירה בבית קומות,4,שישית,87.8,"1,230,000 ₪"
17,1970,18/12/2002,בירם 11,11196-2-135,דירה בבית קומות,4,שישית,87.8,"955,000 ₪"
0,0,07/02/2018,ללא כתובת,12727-33-1,דירה בבית קומות,5,ראשונה,109,"1,710,000 ₪"
3,1970,17/12/2017,בירם 7,11196-2-111,דירה בבית קומות,4,שלישית,127.8,"2,185,000 ₪"
0,0,18/09/2017,משה בליטנטל 33,10799-27-1,דירה בבית קומות,5,ראשונה,165,"3,175,000 ₪"
0,0,02/07/2017,ללא כתובת,12727-22-1,דירה בבית קומות,6,שניה,128,"2,445,000 ₪"
12,1970,20/06/2017,בירם 1,11196-2-16,דירה בבית קומות,3,רביעית,78.8,"1,180,000 ₪"
12,1970,14/10/2001,בירם 1,11196-2-16,דירה בבית קומות,3,רביעית,78.8,"734,000 ₪"
12,1970,02/03/1998,בירם 1,11196-2-16,דירה בבית קומות,3,רביעית,78.8,"661,000 ₪"
16,2008,22/05/2017,חלמיש 4,11196-130-124,דירה בבית קומות,4,רביעית,90,"1,800,000 ₪"
16,2008,23/04/2017,חלמיש 6,11196-130-123,דירה בבית קומות,4,תשיעית,112,"1,720,000 ₪"
17,1970,22/02/2017,בירם 11,11196-2-129,דירה בבית קומות,4,רביעית,106,"1,420,000 ₪"
17,1970,29/09/2013,בירם 11,11196-2-129,דירה בבית קומות,4,רביעית,106,"1,400,000 ₪"
17,1970,25/04/2013,בירם 11,11196-2-129,דירה בבית קומות,4,רביעית,106,"1,375,000 ₪"
0,0,09/02/2017,ללא כתובת,10800-4-1,דירה בבית קומות,6,ראשונה,140,"3,099,000 ₪"
12,1970,27/12/2016,בירם 1,11196-2-40,דירה בבית קומות,3,עשירית,78.2,"1,280,000 ₪"
12,1970,23/12/2012,בירם 1,11196-2-40,דירה בבית קומות,3,עשירית,78.2,"1,110,000 ₪"
12,1970,19/09/2005,בירם 1,11196-2-40,דירה בבית קומות,3,עשירית,78.2,"636,000 ₪"
0,0,06/12/2016,סייפן 2,10799-69-2,דירה בבית קומות,6,שניה,148,"1,846,000 ₪"
0,0,08/11/2016,סייפן 7,10799-67-1,דירה בבית קומות,6,לא ידוע,118,"2,054,000 ₪"
3,1996,06/11/2016,יקינתון 55,11195-10-3,דירה בבית קומות,6,חמישית,120,"2,600,000 ₪"
0,0,03/11/2016,ללא כתובת,10799-41-1,מחסנים,לא ידוע,ראשונה,60,"100,000 ₪"
13,1970,25/08/2016,בירם 3,11196-2-88,דירה בבית קומות,5,עשירית,126.3,"1,555,000 ₪"
16,2008,09/08/2016,חלמיש 8,11196-130-175,דירה בבית קומות,5,שמינית,118,"1,739,000 ₪"
16,2008,28/07/2016,חלמיש 4,11196-130-122,דירה בבית קומות,4,חמישית,107,"1,760,000 ₪"
0,0,10/07/2016,ללא כתובת,11195-4-2,דירה בבית קומות,4,שניה,130,"1,800,000 ₪"
12,1970,18/05/2016,בירם 1,11196-2-24,דירה בבית קומות,3,שישית,79.3,"1,247,000 ₪"
13,1970,17/05/2016,בירם 3,11196-2-60,דירה בבית קומות,5,שלישית,125.3,"1,500,000 ₪"
16,2008,21/02/2016,חלמיש 6,11196-130-121,דירה בבית קומות,4.5,שישית,120,"1,856,000 ₪"
16,2008,08/02/2016,חלמיש 2,11196-130-120,דירה בבית קומות,4,שלישית,100,"1,500,000 ₪"
17,1970,21/01/2016,בירם 11,11196-2-183,דירה בבית קומות,4,שמונה עשרה,118,"2,750,000 ₪"
2,1980,13/01/2016,יקינתון 67,11195-2-2,דירה בבית קומות,5,ראשונה,111,"2,580,000 ₪"
16,2008,15/12/2015,חלמיש 2,11196-130-119,דירה בבית קומות,4,אחת עשרה,100,"1,610,000 ₪"
3,2000,11/12/2015,סתוונית 13,10800-17-4,דירה בבית קומות,5,שלישית,140,"2,375,000 ₪"
12,1970,30/10/2015,בירם 1,11196-2-37,דירה בבית קומות,2,תשיעית,64.3,"910,000 ₪"
12,1970,24/05/2013,בירם 1,11196-2-37,דירה בבית קומות,2,תשיעית,64.3,"830,000 ₪"
12,1970,16/12/2001,בירם 1,11196-2-37,דירה בבית קומות,2,תשיעית,64.3,"466,000 ₪"
2,1994,09/09/2015,סתוונית 11,10800-13-2,דירה בבית קומות,4,שניה,110,"2,200,000 ₪"
0,0,10/08/2015,ללא כתובת,10800-4-2,דירה בבית קומות,4,ראשונה,95,"2,060,000 ₪"
0,0,09/08/2015,ללא כתובת,10799-34-1,קוטג' דו משפחתי,5,ראשונה,110,"2,050,000 ₪"
16,2008,08/07/2015,חלמיש 8,11196-130-118,דירה בבית קומות,4.5,חמישית,109,"1,800,000 ₪"
3,1970,30/06/2015,בירם 5,11196-2-103,דירה בבית קומות,4,ראשונה,105.9,"1,439,000 ₪"
13,1970,30/06/2015,בירם 3,11196-2-63,דירה בבית קומות,2.5,שלישית,63.6,"905,000 ₪"
16,2008,30/06/2015,חלמיש 6,11196-130-117,דירה בבית קומות,4.5,חמש עשרה,110,"1,865,000 ₪"
0,0,22/06/2015,ללא כתובת,10799-10-1,דירה בבית קומות,4,ראשונה,130,"2,000,000 ₪"
0,0,14/05/2015,ללא כתובת,11195-101-3,דירה בבית קומות,5,ראשונה,127,"2,430,000 ₪"
17,1970,06/05/2015,בירם 11,11196-2-149,דירה בבית קומות,5,תשיעית,104.9,"1,425,000 ₪"
1,2000,30/03/2015,סתוונית 8,10800-14-2,דירה בבית קומות,3,ראשונה,100,"850,000 ₪"
2,2000,11/03/2015,יקינתון 63,11195-3-3,דירה בבית קומות,3,ראשונה,70,"1,600,000 ₪"
5,2003,08/03/2015,שחם 4,11196-121-13,דירה בבית קומות,5,קרקע,93,"2,080,000 ₪"
0,0,26/02/2015,ללא כתובת,10799-47-1,דירה בבית קומות,5,ראשונה,120,"1,740,000 ₪"
12,1970,12/02/2015,בירם 1,11196-2-39,דירה בבית קומות,4,עשירית,120.9,"1,380,000 ₪"
16,2008,11/02/2015,חלמיש 6,11196-130-114,דירה בבית קומות,4,אחת עשרה,112,"1,700,000 ₪"
12,1970,05/02/2015,בירם 1,11196-2-26,דירה בבית קומות,5,שביעית,128.6,"1,800,000 ₪"
12,1970,12/06/2011,בירם 1,11196-2-26,דירה בבית קומות,5,שביעית,128.6,"1,430,000 ₪"
12,1970,21/05/2008,בירם 1,11196-2-26,דירה בבית קומות,5,שביעית,128.6,"1,080,000 ₪"
12,1970,10/10/2007,בירם 1,11196-2-26,דירה בבית קומות,5,שביעית,128.6,"1,085,000 ₪"
12,1970,20/07/1999,בירם 1,11196-2-26,דירה בבית קומות,5,שביעית,128.6,"1,020,000 ₪"
17,1970,22/01/2015,בירם 11,11196-2-181,דירה בבית קומות,3,שבע עשרה,86.3,"1,200,000 ₪"
17,1970,27/06/2013,בירם 11,11196-2-181,דירה בבית קומות,3,שבע עשרה,86.3,"994,000 ₪"
16,2008,06/01/2015,חלמיש 2,11196-130-113,דירה בבית קומות,3,חמישית,70,"1,190,000 ₪"
0,0,01/01/2015,ללא כתובת,10799-18-2,דירה בבית קומות,1.5,שניה,35,"530,000 ₪"
0,0,31/12/2014,סייפן 10,10799-64-1,דירה בבית קומות,5,שלישית,143,"2,000,000 ₪"
13,1970,18/12/2014,בירם 3,11196-2-72,דירה בבית קומות,5,שישית,126.4,"1,300,000 ₪"
4,1980,12/12/2014,בירם 9,11196-2-112,דירה בבית קומות,5,ראשונה,113.1,"1,720,000 ₪"
0,0,01/12/2014,ללא כתובת,10799-21-1,דירה בבית קומות,4,ראשונה,106,"2,500,000 ₪"
16,2008,20/11/2014,חלמיש 2,11196-130-176,דירה בבית קומות,4,שתים עשרה,100,"1,625,000 ₪"
16,2008,13/11/2014,חלמיש 6,11196-130-112,דירה בבית קומות,2,שניה,53,"1,000,000 ₪"
0,0,07/10/2014,ללא כתובת,10800-27-4,דירה בבית קומות,5,ראשונה,113,"2,200,000 ₪"
0,0,30/09/2014,משה בליטנטל 14,10799-54-1,דירה בבית קומות,4,ראשונה,120,"2,280,000 ₪"
17,1970,04/08/2014,בירם 11,11196-2-73,דירה בבית קומות,6,שישית,117.6,"1,349,000 ₪"
17,1970,05/10/2008,בירם 11,11196-2-73,דירה בבית קומות,6,שישית,117.6,"720,000 ₪"
17,1970,11/02/1999,בירם 11,11196-2-73,דירה בבית קומות,6,שישית,117.6,"1,006,000 ₪"
0,0,08/07/2014,ללא כתובת,10799-25-1,דירה בבית קומות,5,לא ידוע,120,"2,430,000 ₪"
13,1970,30/06/2014,בירם 3,11196-2-62,דירה בבית קומות,3,שלישית,76.9,"1,075,000 ₪"
16,2008,25/06/2014,חלמיש 8,11196-130-110,דירה בבית קומות,4,שישית,112,"1,565,000 ₪"
16,2008,23/06/2014,חלמיש 8,11196-130-109,דירה בבית קומות,3,רביעית,93,"1,250,000 ₪"
13,1970,29/04/2014,בירם 3,11196-2-98,דירה בבית קומות,3,שתים עשרה,64.3,"1,024,000 ₪"
13,1970,10/06/1999,בירם 3,11196-2-98,דירה בבית קומות,3,שתים עשרה,64.3,"756,000 ₪"
0,0,03/04/2014,ללא כתובת,10800-10-6,דירה בבית קומות,5.5,שניה,140,"1,905,000 ₪"
13,1970,03/04/2014,בירם 3,11196-2-52,דירה בבית קומות,5,ראשונה,125.3,"1,380,000 ₪"
0,0,03/04/2014,סייפן 10,10799-64-2,דירה בבית קומות,5,ראשונה,110,"2,150,000 ₪"
3,1970,27/03/2014,בירם 5,11196-2-106,דירה בבית קומות,5,שלישית,127.8,"2,650,000 ₪"
3,1970,07/01/2008,בירם 5,11196-2-106,דירה בבית קומות,5,שלישית,127.8,"1,680,000 ₪"
3,1970,24/06/2002,בירם 5,11196-2-106,דירה בבית קומות,5,שלישית,127.8,"1,037,000 ₪"
2,1999,27/03/2014,משה בליטנטל 46,10800-28-4,דירה בבית קומות,4,שניה,96,"1,600,000 ₪"
16,2008,10/03/2014,חלמיש 2,11196-130-108,דירה בבית קומות,4,שמינית,100,"1,820,000 ₪"
2,2000,04/03/2014,יקינתון 63,11195-3-7,דירה בבית קומות,6,שישית,105,"1,915,000 ₪"
13,1970,27/02/2014,בירם 3,11196-2-100,דירה בבית קומות,4,שלוש עשרה,112.2,"2,220,000 ₪"
13,1970,22/05/1998,בירם 3,11196-2-100,דירה בבית קומות,4,שלוש עשרה,112.2,"808,000 ₪"
0,0,23/02/2014,ללא כתובת,12727-24-2,דירה בבית קומות,5,שניה,125,"795,000 ₪"
16,2008,20/02/2014,חלמיש 2,11196-130-107,דירה בבית קומות,3,שלישית,80,"1,050,000 ₪"
0,0,02/01/2014,ללא כתובת,11195-9-5,דירה בבית קומות,5,שניה,132,"2,549,000 ₪"
12,1970,30/12/2013,בירם 1,11196-2-11,דירה בבית קומות,4,שלישית,121.3,"1,145,000 ₪"
2,1999,26/12/2013,משה בליטנטל 46,10800-28-3,דירה בבית קומות,5.5,שניה,158,"1,650,000 ₪"
16,2008,24/12/2013,חלמיש 8,11196-130-106,דירה בבית קומות,4.5,חמישית,109,"1,640,000 ₪"
12,1970,10/12/2013,בירם 1,11196-2-35,דירה בבית קומות,4.5,תשיעית,120.6,"1,200,000 ₪"
16,2008,03/12/2013,חלמיש 8,11196-130-105,דירה בבית קומות,4,חמישית,110,"1,470,000 ₪"
2,1999,24/11/2013,סתוונית 10,10800-15-5,דירה בבית קומות,5,לא ידוע,105,"1,610,000 ₪"
0,0,20/11/2013,משה בליטנטל 36,10799-33-1,דירה בבית קומות,5,שניה,120,"1,660,000 ₪"
4,1990,10/11/2013,אגוז 4,10800-21-1,דירה בבית קומות,4,לא ידוע,100,"1,675,000 ₪"
3,1996,31/10/2013,יקינתון 61,11195-5-2,דירה בבית קומות,5,רביעית,129,"1,975,000 ₪"
16,2008,09/10/2013,חלמיש 8,11196-130-104,דירה בבית קומות,2,רביעית,65,"940,000 ₪"
16,2008,17/09/2013,חלמיש 8,11196-130-177,דירה בבית קומות,3,אחת עשרה,65,"1,250,000 ₪"
16,2008,03/09/2013,חלמיש 8,11196-130-103,דירה בבית קומות,3,רביעית,80,"1,150,000 ₪"
1,2003,31/08/2013,סתוונית 2,10800-9-3,דירה בבית קומות,3,ראשונה,92,"1,800,000 ₪"
13,1970,30/08/2013,בירם 3,11196-2-94,דירה בבית קומות,3,אחת עשרה,68.2,"1,150,000 ₪"
13,1970,22/03/2005,בירם 3,11196-2-94,דירה בבית קומות,3,אחת עשרה,68.2,"603,000 ₪"
16,2008,27/08/2013,חלמיש 4,11196-130-102,דירה בבית קומות,4,חמישית,80,"1,651,000 ₪"
0,0,14/08/2013,ללא כתובת,10799-10-2,דירה בבית קומות,6,שניה,134,"1,709,000 ₪"
5,2003,18/07/2013,שחם 4,11196-121-12,דירה בבית קומות,4,קרקע,94,"1,970,000 ₪"
3,1996,21/06/2013,הסחלב 11,11195-12-3,דירה בבית קומות,5,שניה,100,"1,950,000 ₪"
12,1970,23/05/2013,בירם 1,11196-2-6,דירה בבית קומות,5,שניה,130.9,"1,225,000 ₪"
16,2008,25/04/2013,חלמיש 4,11196-130-100,דירה בבית קומות,4,חמישית,100,"1,585,000 ₪"
16,2008,25/04/2013,חלמיש 8,11196-130-101,דירה בבית קומות,4,שביעית,107,"1,679,000 ₪"
16,2008,21/04/2013,חלמיש 8,11196-130-99,דירה בבית קומות,4,עשירית,115,"1,550,000 ₪"
16,2008,18/04/2013,חלמיש 8,11196-130-98,דירה בבית קומות,3,ראשונה,90,"1,300,000 ₪"
12,1970,18/04/2013,בירם 1,11196-2-8,דירה בבית קומות,4,שניה,80.3,"510,000 ₪"
16,2008,14/04/2013,חלמיש 8,11196-130-178,דירה בבית קומות,4.5,תשיעית,100,"1,630,000 ₪"
16,2008,18/03/2013,חלמיש 4,11196-130-97,דירה בבית קומות,4,ראשונה,90,"1,630,000 ₪"
0,0,13/03/2013,ללא כתובת,10799-68-1,דירה בבית קומות,5,שניה,132,"1,520,000 ₪"
16,2008,28/02/2013,חלמיש 6,11196-130-96,דירה בבית קומות,4.5,עשירית,130,"1,540,000 ₪"
17,1970,20/02/2013,בירם 11,11196-2-136,דירה בבית קומות,4,שישית,106,"1,449,000 ₪"
17,1970,27/09/1998,בירם 11,11196-2-136,דירה בבית קומות,4,שישית,106,"912,000 ₪"
16,2008,06/02/2013,חלמיש 6,11196-130-95,דירה בבית קומות,4.5,חמישית,132,"1,715,000 ₪"
17,1970,30/01/2013,בירם 11,11196-2-126,דירה בבית קומות,4,שלישית,87.4,"1,200,000 ₪"
0,0,03/01/2013,סייפן 16,10799-62-1,דירה בבית קומות,4,חמישית,130,"1,949,000 ₪"
0,0,03/01/2013,ללא כתובת,12842-10-1,דירה בבית קומות,5,שניה,120,"2,170,000 ₪"
16,2008,02/01/2013,חלמיש 8,11196-130-94,דירה בבית קומות,3,שלישית,93,"1,050,000 ₪"
1,1995,03/12/2012,הסחלב 9,11195-11-5,דירה בבית קומות,5,ראשונה,97,"1,450,000 ₪"
17,1970,28/11/2012,בירם 11,11196-2-123,דירה בבית קומות,4,שלישית,87.6,"1,525,000 ₪"
17,1970,02/08/2009,בירם 11,11196-2-123,דירה בבית קומות,4,שלישית,87.6,"1,000,000 ₪"
17,1970,06/05/2008,בירם 11,11196-2-123,דירה בבית קומות,4,שלישית,87.6,"446,000 ₪"
17,1970,03/10/2006,בירם 11,11196-2-123,דירה בבית קומות,4,שלישית,87.6,"559,000 ₪"
0,0,21/11/2012,ללא כתובת,10799-47-2,דירה בבית קומות,6,ראשונה,132,"1,649,000 ₪"
0,0,16/11/2012,סייפן 10,10799-64-3,דירה בבית קומות,2,ראשונה,50,"890,000 ₪"
0,0,14/11/2012,ללא כתובת,11195-9-4,דירה בבית קומות,5,שניה,132,"2,300,000 ₪"
16,2008,12/11/2012,חלמיש 4,11196-130-93,דירה בבית קומות,4,רביעית,100,"1,535,000 ₪"
0,0,11/11/2012,ללא כתובת,10799-18-3,דירה בבית קומות,6,רביעית,147,"2,375,000 ₪"
0,0,11/11/2012,ללא כתובת,10799-24-1,דירה בבית קומות,5,שניה,120,"2,320,000 ₪"
3,2000,01/11/2012,סתוונית 13,10800-17-3,דירה בבית קומות,5,שניה,115,"1,840,000 ₪"
1,1993,21/10/2012,משה בליטנטל 48,10800-26-2,דירה בבית קומות,6,שניה,129,"2,400,000 ₪"
16,2008,27/09/2012,חלמיש 8,11196-130-92,דירה בבית קומות,3,שמינית,80,"960,000 ₪"
16,2008,23/09/2012,חלמיש 8,11196-130-179,דירה בבית קומות,4,שביעית,105,"1,500,000 ₪"
0,0,09/09/2012,ללא כתובת,11195-101-9,דירה בבית קומות,5,שלישית,107,"1,800,000 ₪"
17,1970,30/08/2012,בירם 11,11196-2-162,דירה בבית קומות,4,שלוש עשרה,87.3,"1,200,000 ₪"
16,2008,29/08/2012,חלמיש 6,11196-130-91,דירה בבית קומות,3,ראשונה,74,"1,215,000 ₪"
3,1996,23/08/2012,יקינתון 55,11195-10-2,דירה בבית קומות,5.5,שלישית,120,"2,040,000 ₪"
0,0,08/08/2012,ללא כתובת,10799-32-1,דירה בבית קומות,4.5,ראשונה,146,"1,540,000 ₪"
12,1970,05/07/2012,בירם 1,11196-2-27,דירה בבית קומות,4,שביעית,120,"1,410,000 ₪"
7,2009,05/07/2012,שחם 5,11196-144-1,דירה בבית קומות,5,קומה 0,126.85,"2,275,000 ₪"
7,2009,21/05/2009,שחם 5,11196-144-1,דירה בבית קומות,5,קומה 0,126.85,"1,516,000 ₪"
16,2008,28/06/2012,חלמיש 8,11196-130-90,דירה בבית קומות,4,חמש עשרה,90,"1,870,000 ₪"
16,2008,29/04/2012,חלמיש 8,11196-130-89,דירה בבית קומות,2,שלישית,40,"850,000 ₪"
0,1994,18/04/2012,סתוונית 1,10800-11-1,דירה בבית קומות,3,לא ידוע,70,"1,219,000 ₪"
16,2008,18/04/2012,חלמיש 8,11196-130-88,דירה בבית קומות,4,לא ידוע,100,"1,493,000 ₪"
0,0,21/03/2012,ללא כתובת,11195-101-2,דירה בבית קומות,5,לא ידוע,127,"1,900,000 ₪"
0,0,14/03/2012,ללא כתובת,10799-36-2,דירה בבית קומות,5.5,שניה,120,"2,070,000 ₪"
16,2008,14/03/2012,חלמיש 2,11196-130-87,דירה בבית קומות,3,לא ידוע,75,"1,000,000 ₪"
16,2008,07/03/2012,חלמיש 8,11196-130-86,דירה בבית קומות,3,שלוש עשרה,79,"1,420,000 ₪"
0,0,29/02/2012,ללא כתובת,11195-101-1,דירה בבית קומות,5,לא ידוע,127,"2,050,000 ₪"
13,1970,22/02/2012,בירם 3,11196-2-69,דירה בבית קומות,4,חמישית,117.4,"1,350,000 ₪"
13,1970,29/01/2009,בירם 3,11196-2-69,דירה בבית קומות,4,חמישית,117.4,"766,000 ₪"
16,2008,25/01/2012,חלמיש 8,11196-130-180,דירה בבית קומות,3,רביעית,78,"975,000 ₪"
16,2008,15/12/2011,חלמיש 8,11196-130-85,דירה בבית קומות,3,רביעית,80,"1,050,000 ₪"
16,2008,14/12/2011,חלמיש 8,11196-130-84,דירה בבית קומות,5,ארבע עשרה,174,"2,290,000 ₪"
1,2000,07/12/2011,סתוונית 8,10800-14-1,דירה בבית קומות,4,לא ידוע,109,"1,800,000 ₪"
17,1970,26/10/2011,בירם 11,11196-2-172,דירה בבית קומות,5,חמש עשרה,104.8,"1,200,000 ₪"
16,2008,22/09/2011,חלמיש 2,11196-130-181,דירה בבית קומות,4,שלוש עשרה,100,"1,480,000 ₪"
0,0,16/09/2011,ללא כתובת,12727-24-1,דירה בבית קומות,5,ראשונה,130,"1,600,000 ₪"
0,0,16/09/2011,ללא כתובת,10799-38-6,דירה,5,לא ידוע,118,"1,600,000 ₪"
16,2008,02/08/2011,חלמיש 6,11196-130-83,דירה בבית קומות,4,אחת עשרה,112,"1,500,000 ₪"
13,1970,26/07/2011,בירם 3,11196-2-75,דירה בבית קומות,3,שישית,63.4,"700,000 ₪"
16,2008,19/07/2011,חלמיש 6,11196-130-82,דירה בבית קומות,3,לא ידוע,90,"1,190,000 ₪"
0,0,22/06/2011,ללא כתובת,10799-13-1,דירה בבית קומות,5.5,ראשונה,170,"2,550,000 ₪"
16,2008,15/06/2011,חלמיש 8,11196-130-81,דירה בבית קומות,5,תשיעית,120,"1,660,000 ₪"
0,0,12/06/2011,ללא כתובת,10799-36-3,דירה בבית קומות,5,ראשונה,120,"1,350,000 ₪"
1,1993,17/05/2011,משה בליטנטל 48,10800-26-1,דירה בבית קומות,5,שניה,140,"1,350,000 ₪"
0,0,17/04/2011,ללא כתובת,10799-24-2,דירה בבית קומות,6,שניה,108,"1,960,000 ₪"
16,2008,30/03/2011,חלמיש 2,11196-130-183,דירה בבית קומות,3,לא ידוע,95,"1,050,000 ₪"
0,0,16/03/2011,ללא כתובת,10800-7-1,דירה בבית קומות,4,לא ידוע,100,"2,050,000 ₪"
16,2008,03/03/2011,חלמיש 8,11196-130-184,דירה בבית קומות,4,ראשונה,100,"1,370,000 ₪"
3,1996,23/02/2011,יקינתון 61,11195-5-6,דירה בבית קומות,6,לא ידוע,120,"1,690,000 ₪"
13,1970,18/02/2011,בירם 3,11196-2-93,דירה בבית קומות,4,אחת עשרה,118.1,"1,335,000 ₪"
13,1970,13/03/2005,בירם 3,11196-2-93,דירה בבית קומות,4,אחת עשרה,118.1,"860,000 ₪"
16,2008,09/02/2011,חלמיש 6,11196-130-80,דירה בבית קומות,4,תשיעית,112,"1,471,000 ₪"
12,1970,17/01/2011,בירם 1,11196-2-38,דירה בבית קומות,5,עשירית,129.2,"1,300,000 ₪"
12,1970,05/08/2003,בירם 1,11196-2-38,דירה בבית קומות,5,עשירית,129.2,"869,000 ₪"
16,2008,29/12/2010,חלמיש 2,11196-130-78,דירה בבית קומות,4,אחת עשרה,111,"1,350,000 ₪"
0,0,26/12/2010,ללא כתובת,10799-38-7,דירה בבית קומות,5,שניה,131,"2,080,000 ₪"
0,2006,16/12/2010,אגוז 2,10800-22-2,דירה בבית קומות,4,לא ידוע,125,"2,625,000 ₪"
2,1990,14/12/2010,יקינתון 69,11195-1-4,דירה בבית קומות,5,שלישית,125,"1,800,000 ₪"
2,1994,09/12/2010,סתוונית 11,10800-13-1,דירה בבית קומות,5,ראשונה,112,"2,175,000 ₪"
0,0,08/12/2010,ללא כתובת,10799-38-8,דירת גן,5,לא ידוע,122,"2,120,000 ₪"
0,0,05/12/2010,ללא כתובת,10799-38-9,דירה בבית קומות,4,ראשונה,101,"1,560,000 ₪"
16,2008,23/11/2010,חלמיש 2,11196-130-77,דירה בבית קומות,3,אחת עשרה,70,"1,020,000 ₪"
17,1970,11/11/2010,בירם 11,11196-2-142,דירה בבית קומות,3,שביעית,73.2,"950,000 ₪"
12,1970,05/11/2010,בירם 1,11196-2-17,דירה בבית קומות,2,רביעית,63.7,"745,000 ₪"
17,1970,28/10/2010,בירם 11,11196-2-170,דירה בבית קומות,4,חמש עשרה,85.7,"1,010,000 ₪"
16,2008,18/10/2010,חלמיש 2,11196-130-76,משרד,לא ידוע,לא ידוע,לא ידוע,"194,000 ₪"
0,0,06/10/2010,ללא כתובת,10800-27-3,דירה בבית קומות,4,לא ידוע,100,"2,500,000 ₪"
17,1970,04/10/2010,בירם 11,11196-2-122,דירה בבית קומות,4.5,שניה,88,"875,000 ₪"
2,2000,20/09/2010,יקינתון 63,11195-3-2,דירה בבית קומות,3,ראשונה,80,"1,170,000 ₪"
0,0,20/09/2010,ללא כתובת,10799-63-1,דירה בבית קומות,6,שניה,168,"1,800,000 ₪"
16,2008,08/09/2010,חלמיש 6,11196-130-185,דירה בבית קומות,4,לא ידוע,100,"1,340,000 ₪"
0,0,07/09/2010,ללא כתובת,10800-7-2,דירה בבית קומות,5,לא ידוע,140,"2,500,000 ₪"
16,2008,02/09/2010,חלמיש 2,11196-130-75,תעשיה,לא ידוע,לא ידוע,46,"194,000 ₪"
12,1970,26/08/2010,בירם 1,11196-2-14,דירה בבית קומות,5,רביעית,127.7,"1,360,000 ₪"
0,0,25/08/2010,ללא כתובת,11195-9-3,דירה בבית קומות,5,לא ידוע,138,"1,625,000 ₪"
16,2008,15/08/2010,חלמיש 2,11196-130-74,דירה בבית קומות,3,תשיעית,95,"1,044,000 ₪"
0,0,15/08/2010,ללא כתובת,11196-144-0,מחסנים,לא ידוע,לא ידוע,5885,"125,000 ₪"
0,0,10/08/2010,ללא כתובת,10799-18-4,דירה בבית קומות,6,לא ידוע,120,"1,600,000 ₪"
16,2008,29/07/2010,חלמיש 2,11196-130-73,דירה בבית קומות,4,שמינית,104,"1,340,000 ₪"
16,2008,05/07/2010,חלמיש 8,11196-130-72,דירה בבית קומות,3,שלישית,80,"930,000 ₪"
16,2008,15/06/2010,חלמיש 6,11196-130-71,דירה בבית קומות,3,לא ידוע,90,"980,000 ₪"
0,0,02/06/2010,ללא כתובת,10799-38-2,דירה בבית קומות,5,ראשונה,146,"2,000,000 ₪"
0,0,26/05/2010,משה בליטנטל 14,10799-54-2,דירה בבית קומות,4,שניה,115,"2,325,000 ₪"
16,2008,25/04/2010,חלמיש 2,11196-130-187,דירה בבית קומות,4,שמינית,115,"1,130,000 ₪"
16,2008,14/04/2010,חלמיש 2,11196-130-188,דירה בבית קומות,4,עשירית,100,"1,325,000 ₪"
0,0,26/03/2010,ללא כתובת,10799-68-2,דירה בבית קומות,5,ראשונה,130,"1,654,000 ₪"
0,0,25/03/2010,ללא כתובת,10799-19-2,דירה בבית קומות,5,ראשונה,111,"1,630,000 ₪"
16,2008,22/03/2010,חלמיש 2,11196-130-189,דירה בבית קומות,4,לא ידוע,115,"1,245,000 ₪"
3,1996,15/03/2010,יקינתון 61,11195-7-2,דירה בבית קומות,5.5,ראשונה,107,"1,780,000 ₪"
7,2009,28/02/2010,שחם 1,11196-144-6,דירה בבית קומות,4,קומה 2,107.49,"1,389,000 ₪"
7,2009,03/08/2009,שחם 1,11196-144-6,דירה בבית קומות,4,קומה 2,107.49,"1,364,000 ₪"
7,2009,29/06/2009,שחם 1,11196-144-6,דירה בבית קומות,4,קומה 2,107.49,"1,344,000 ₪"
16,2008,28/02/2010,חלמיש 2,11196-130-70,דירה בבית קומות,5,שביעית,131,"1,549,999 ₪"
7,2009,26/02/2010,שחם 1,11196-144-3,דירה בבית קומות,4,קומה 1,107.49,"1,395,000 ₪"
7,2009,20/10/2009,שחם 1,11196-144-3,דירה בבית קומות,4,קומה 1,107.49,"1,398,000 ₪"
16,2008,23/02/2010,חלמיש 6,11196-130-69,דירה בבית קומות,3,ראשונה,92,"1,365,000 ₪"
16,2008,22/02/2010,חלמיש 6,11196-130-68,דירה בבית קומות,4,חמישית,112,"1,250,000 ₪"
16,2008,15/02/2010,חלמיש 2,11196-130-66,דירה בבית קומות,4,שלישית,109,"916,000 ₪"
16,2008,15/02/2010,חלמיש 2,11196-130-67,דירה,4,שלישית,97,"1,063,000 ₪"
16,2008,07/02/2010,חלמיש 8,11196-130-191,דירה בבית קומות,3,שניה,80,"950,000 ₪"
0,0,10/01/2010,ללא כתובת,10799-68-3,דירה בבית קומות,5,לא ידוע,119,"1,650,000 ₪"
0,0,28/12/2009,ללא כתובת,10799-13-2,דירה בבית קומות,5,לא ידוע,157,"1,850,000 ₪"
16,2008,24/11/2009,חלמיש 2,11196-130-65,דירה בבית קומות,6,שישית,165,"1,889,999 ₪"
0,0,13/11/2009,ללא כתובת,10799-38-11,דירה בבית קומות,5,לא ידוע,132,"1,900,000 ₪"
16,2008,11/11/2009,חלמיש 2,11196-130-64,דירה,5,שישית,150,"1,749,802 ₪"
16,2008,04/11/2009,חלמיש 2,11196-130-63,דירה בבית קומות,5,שמינית,134,"1,499,999 ₪"
16,2008,29/10/2009,חלמיש 2,11196-130-62,דירה בבית קומות,4,ראשונה,109,"1,025,000 ₪"
16,2008,26/10/2009,חלמיש 6,11196-130-61,דירה בבית קומות,5,שלוש עשרה,180,"1,999,999 ₪"
16,2008,26/10/2009,חלמיש 8,11196-130-195,דירה בבית קומות,3,שלוש עשרה,75,"955,000 ₪"
0,0,22/10/2009,ללא כתובת,10799-32-2,דירה בבית קומות,4.5,ראשונה,115,"1,475,000 ₪"
16,2008,20/10/2009,חלמיש 2,11196-130-59,דירה בבית קומות,4,שניה,109,"1,029,429 ₪"
16,2008,20/10/2009,חלמיש 2,11196-130-60,דירה בבית קומות,6,שביעית,165,"1,711,999 ₪"
16,2008,13/10/2009,חלמיש 6,11196-130-58,דירה,5,ארבע עשרה,140,"1,599,999 ₪"
7,2009,09/10/2009,שחם 1,11196-144-4,דירה בבית קומות,4,קומה 1,107.49,"1,366,000 ₪"
0,0,04/10/2009,ללא כתובת,10800-3-1,דירה בבית קומות,4,שלישית,95,"1,500,000 ₪"
16,2008,22/09/2009,חלמיש 2,11196-130-57,דירה,5,חמישית,132,"1,250,000 ₪"
0,0,25/08/2009,ללא כתובת,10799-49-1,דירה בבית קומות,5,לא ידוע,120,"1,395,000 ₪"
16,2008,18/08/2009,חלמיש 2,11196-130-201,דירה בבית קומות,4,תשיעית,119,"1,229,000 ₪"
16,2008,16/08/2009,חלמיש 2,11196-130-202,דירה בבית קומות,4,שלישית,109,"1,009,000 ₪"
16,2008,13/08/2009,חלמיש 2,11196-130-203,דירה בבית קומות,4,חמישית,109,"1,040,000 ₪"
16,2008,11/08/2009,חלמיש 2,11196-130-204,דירה בבית קומות,4,שניה,109,"1,000,000 ₪"
16,2008,03/08/2009,חלמיש 2,11196-130-205,דירה בבית קומות,4.5,שביעית,132,"1,114,000 ₪"
16,2008,02/08/2009,חלמיש 2,11196-130-206,דירה בבית קומות,5,תשיעית,134,"1,369,000 ₪"
7,2009,27/07/2009,שחם 1,11196-144-12,דירה בבית קומות,5,קומה 5,133.19,"1,540,000 ₪"
16,2008,22/07/2009,חלמיש 2,11196-130-207,דירה בבית קומות,4,שלישית,109,"970,000 ₪"
7,2009,15/07/2009,שחם 1,11196-144-14,דירת גג,5,קומה 6,133.19,"1,700,000 ₪"
16,2008,14/07/2009,חלמיש 2,11196-130-210,דירה בבית קומות,4,רביעית,109,"963,000 ₪"
16,2008,12/07/2009,חלמיש 2,11196-130-211,דירה בבית קומות,4,ראשונה,109,"954,000 ₪"
16,2008,29/06/2009,חלמיש 2,11196-130-43,דירה,4,רביעית,109,"979,200 ₪"
16,2008,23/06/2009,חלמיש 2,11196-130-42,דירה,4,חמישית,100,"954,999 ₪"
0,0,22/06/2009,ללא כתובת,10799-45-1,בית בודד,6,לא ידוע,161,"1,650,000 ₪"
16,2008,22/06/2009,חלמיש 2,11196-130-41,דירה,4,רביעית,100,"999,999 ₪"
16,2008,16/06/2009,חלמיש 8,11196-130-212,דירה בבית קומות,3,ראשונה,93,"880,000 ₪"
16,2008,16/06/2009,חלמיש 2,11196-130-40,דירה,4,חמישית,100,"968,000 ₪"
2,2000,15/06/2009,יקינתון 63,11195-3-8,דירה בבית קומות,6,רביעית,160,"1,250,000 ₪"
3,1970,12/06/2009,בירם 7,11196-2-109,דירה בבית קומות,5.5,שניה,121.5,"1,500,000 ₪"
3,1970,23/10/2008,בירם 7,11196-2-109,דירה בבית קומות,5.5,שניה,121.5,"990,000 ₪"
16,2008,04/06/2009,חלמיש 8,11196-130-213,דירה בבית קומות,3,שמינית,92,"860,000 ₪"
16,2008,27/05/2009,חלמיש 6,11196-130-38,דירה בבית קומות,3,אחת עשרה,77,"890,000 ₪"
0,0,22/05/2009,ללא כתובת,10799-42-1,דירה בבית קומות,5,לא ידוע,110,"1,525,000 ₪"
7,2009,21/05/2009,שחם 1,11196-144-5,דירה בבית קומות,4,קומה 2,107.49,"1,290,000 ₪"
7,2009,21/05/2009,שחם 1,11196-144-8,דירה בבית קומות,4,קומה 3,120,"1,246,000 ₪"
7,2009,18/05/2009,שחם 1,11196-144-7,דירה בבית קומות,4,קומה 3,120,"1,300,000 ₪"
16,2008,17/05/2009,חלמיש 2,11196-130-34,דירה בבית קומות,2,רביעית,70,"589,000 ₪"
13,1970,11/05/2009,בירם 3,11196-2-61,דירה בבית קומות,4,שלישית,117.6,"1,115,000 ₪"
13,1970,17/08/2004,בירם 3,11196-2-61,דירה בבית קומות,4,שלישית,117.6,"830,000 ₪"
16,2008,10/05/2009,חלמיש 8,11196-130-219,דירה בבית קומות,4,עשירית,112,"1,200,000 ₪"
16,2008,05/05/2009,חלמיש 8,11196-130-221,קוטג' חד משפחתי,4,חמישית,109,"964,000 ₪"
0,0,04/05/2009,ללא כתובת,10799-47-4,דירה בבית קומות,5,לא ידוע,123,"1,135,000 ₪"
0,0,03/05/2009,סייפן 7,10799-67-2,דירה בבית קומות,5,שניה,160,"1,025,000 ₪"
1,1993,19/04/2009,משה בליטנטל 28,12727-23-1,דירה בבית קומות,5,ראשונה,160,"1,500,000 ₪"
7,2009,17/04/2009,שחם 1,11196-144-10,קוטג' חד משפחתי,5,קומה 4,133.19,"1,380,000 ₪"
16,2008,12/04/2009,חלמיש 2,11196-130-31,דירה בבית קומות,4.5,שישית,132,"1,049,000 ₪"
16,2008,12/04/2009,חלמיש 8,11196-130-222,קוטג' חד משפחתי,4.5,עשירית,109,"1,013,000 ₪"
16,2008,31/03/2009,חלמיש 6,11196-130-223,קוטג' חד משפחתי,3,שתים עשרה,91,"884,000 ₪"
1,1993,30/03/2009,משה בליטנטל 48,10800-26-3,דירה בבית קומות,5,ראשונה,140,"2,030,000 ₪"
0,0,30/03/2009,ללא כתובת,10799-41-2,דירה בבית קומות,6,לא ידוע,200,"2,048,000 ₪"
16,2008,25/03/2009,חלמיש 6,11196-130-224,קוטג' חד משפחתי,5,תשיעית,134,"1,170,000 ₪"
16,2008,19/03/2009,חלמיש 2,11196-130-30,דירה בבית קומות,2,שניה,63,"579,000 ₪"
16,2008,18/03/2009,חלמיש 6,11196-130-225,קוטג' חד משפחתי,3,חמש עשרה,77,"893,000 ₪"
16,2008,17/03/2009,חלמיש 2,11196-130-226,דירה בבית קומות,4,חמש עשרה,130,"1,269,000 ₪"
16,2008,15/03/2009,חלמיש 6,11196-130-227,קוטג' חד משפחתי,4,שישית,94,"989,000 ₪"
2,1999,12/03/2009,משה בליטנטל 46,10800-28-5,דירה בבית קומות,6,שלישית,150,"1,150,000 ₪"
16,2008,10/03/2009,חלמיש 8,11196-130-228,דירה בבית קומות,4,שביעית,115,"940,000 ₪"
2,1999,04/03/2009,משה בליטנטל 46,10800-28-6,דירה בבית קומות,4,שניה,83,"1,100,000 ₪"
16,2008,22/02/2009,חלמיש 2,11196-130-229,דירה בבית קומות,4,חמישית,112,"994,000 ₪"
16,2008,19/02/2009,חלמיש 2,11196-130-29,דירה בבית קומות,4,לא ידוע,100,"953,000 ₪"
16,2008,17/02/2009,חלמיש 2,11196-130-28,דירה בבית קומות,4,לא ידוע,120,"1,079,000 ₪"
16,2008,12/02/2009,חלמיש 2,11196-130-26,קוטג' חד משפחתי,3,שלוש עשרה,91,"871,000 ₪"
16,2008,12/02/2009,חלמיש 2,11196-130-27,דירה בבית קומות,4,עשירית,115,"1,180,000 ₪"
16,2008,02/02/2009,חלמיש 2,11196-130-231,קוטג' חד משפחתי,3,שניה,91,"759,000 ₪"
16,2008,29/01/2009,חלמיש 2,11196-130-232,קוטג' חד משפחתי,3,עשירית,91,"839,000 ₪"
13,1970,25/01/2009,בירם 3,11196-2-79,דירה בבית קומות,2,שביעית,64.4,"85,000 ₪"
16,2008,05/01/2009,חלמיש 2,11196-130-25,דירה בבית קומות,5,אחת עשרה,132,"1,099,000 ₪"
0,0,01/01/2009,ללא כתובת,10800-10-4,דירה בבית קומות,6,שניה,160,"1,305,000 ₪"
16,2008,04/12/2008,חלמיש 2,11196-130-24,דירה בבית קומות,5,לא ידוע,134,"1,190,000 ₪"
16,2008,30/11/2008,חלמיש 2,11196-130-23,דירה בבית קומות,4,עשירית,112,"999,000 ₪"
2,1990,24/11/2008,יקינתון 69,11195-1-1,דירה בבית קומות,5,ראשונה,120,"1,140,000 ₪"
16,2008,13/11/2008,חלמיש 2,11196-130-22,קוטג' חד משפחתי,5,אחת עשרה,130,"1,200,000 ₪"
16,2008,09/11/2008,חלמיש 2,11196-130-21,דירה בבית קומות,4,שלישית,115,"1,025,000 ₪"
3,1970,06/11/2008,בירם 7,11196-2-108,דירה בבית קומות,4,ראשונה,105.9,"800,000 ₪"
16,2008,05/11/2008,חלמיש 8,11196-130-233,דירה בבית קומות,4,לא ידוע,90,"917,000 ₪"
0,0,04/11/2008,ללא כתובת,10800-4-3,דירה בבית קומות,6,שניה,160,"1,452,600 ₪"
16,2008,15/09/2008,חלמיש 2,11196-130-20,דירה בבית קומות,3,שניה,91,"799,000 ₪"
16,2008,03/09/2008,חלמיש 2,11196-130-234,דירה בבית קומות,5,שתים עשרה,134,"1,200,000 ₪"
16,2008,31/08/2008,חלמיש 2,11196-130-19,דירה בבית קומות,4,שתים עשרה,112,"1,009,000 ₪"
16,2008,31/08/2008,חלמיש 2,11196-130-18,דירה בבית קומות,2,שלישית,63,"594,000 ₪"
16,2008,31/08/2008,חלמיש 2,11196-130-235,דירה בבית קומות,3,רביעית,91,"769,000 ₪"
16,2008,21/08/2008,חלמיש 2,11196-130-236,דירה בבית קומות,4,שמינית,112,"995,000 ₪"
0,0,21/08/2008,ללא כתובת,10799-25-2,דירה בבית קומות,5,ראשונה,144,"1,550,000 ₪"
16,2008,14/08/2008,חלמיש 2,11196-130-237,דירה בבית קומות,5,תשיעית,137,"1,119,000 ₪"
16,2008,07/08/2008,חלמיש 2,11196-130-238,דירה בבית קומות,4.5,ארבע עשרה,135,"1,386,000 ₪"
16,2008,06/08/2008,חלמיש 2,11196-130-239,דירה בבית קומות,4,שביעית,112,"974,000 ₪"
0,0,22/07/2008,ללא כתובת,10799-23-1,דירה בבית קומות,4,שלישית,100,"1,240,000 ₪"
0,0,17/07/2008,משה בליטנטל 40,10799-31-1,דירה בבית קומות,5,שלישית,124,"1,150,000 ₪"
12,1970,16/07/2008,בירם 1,11196-2-13,דירה בבית קומות,2,שלישית,62.8,"600,000 ₪"
12,1970,04/09/2001,בירם 1,11196-2-13,דירה בבית קומות,2,שלישית,62.8,"362,000 ₪"
16,2008,15/07/2008,חלמיש 2,11196-130-240,דירה בבית קומות,4,חמישית,112,"940,000 ₪"
17,1970,14/07/2008,בירם 11,11196-2-131,דירה בבית קומות,4,חמישית,88.1,"950,000 ₪"
17,1970,06/12/2004,בירם 11,11196-2-131,דירה בבית קומות,4,חמישית,88.1,"1,087,000 ₪"
17,1970,08/01/2004,בירם 11,11196-2-131,דירה בבית קומות,4,חמישית,88.1,"716,000 ₪"
0,2006,01/07/2008,אגוז 2,10800-22-1,דירה בבית קומות,4,לא ידוע,120,"1,999,000 ₪"
16,2008,28/06/2008,חלמיש 2,11196-130-17,דירה בבית קומות,4,חמישית,112,"962,000 ₪"
2,2000,24/06/2008,יקינתון 63,11195-3-1,דירה בבית קומות,3,ראשונה,75,"775,000 ₪"
1,1996,18/06/2008,יקינתון 62,11195-8-1,דירה בבית קומות,6,לא ידוע,130,"1,140,000 ₪"
0,0,15/06/2008,ללא כתובת,10800-27-2,דירה בבית קומות,5,ראשונה,120,"1,140,000 ₪"
5,2004,05/06/2008,שחם 6,11196-121-27,דירה בבית קומות,4,ראשונה,96,"1,350,000 ₪"
16,2008,29/05/2008,חלמיש 2,11196-130-16,דירה בבית קומות,4.5,חמישית,120,"1,018,000 ₪"
3,1970,28/05/2008,בירם 7,11196-2-110,דירה בבית קומות,3,שניה,98.3,"576,000 ₪"
16,2008,23/05/2008,חלמיש 2,11196-130-15,דירה בבית קומות,4,תשיעית,112,"937,000 ₪"
16,2008,22/05/2008,חלמיש 2,11196-130-241,דירה בבית קומות,4,שש עשרה,112,"939,000 ₪"
0,0,06/05/2008,ללא כתובת,10799-63-2,דירה בבית קומות,6,רביעית,168,"1,010,000 ₪"
3,2000,01/05/2008,סתוונית 13,10800-17-1,דירה בבית קומות,5,שלישית,140,"1,415,000 ₪"
17,1970,01/05/2008,בירם 11,11196-2-157,דירה בבית קומות,4,אחת עשרה,87.6,"719,000 ₪"
17,1970,29/07/2002,בירם 11,11196-2-157,דירה בבית קומות,4,אחת עשרה,87.6,"1,026,000 ₪"
16,2008,30/04/2008,חלמיש 2,11196-130-14,דירה בבית קומות,4,תשיעית,112,"928,000 ₪"
16,2008,29/04/2008,חלמיש 2,11196-130-13,דירה בבית קומות,4,אחת עשרה,112,"942,000 ₪"
0,0,21/04/2008,ללא כתובת,10800-23-1,דירה בבית קומות,5,לא ידוע,120,"1,585,000 ₪"
16,2008,17/04/2008,חלמיש 2,11196-130-12,דירה בבית קומות,4,אחת עשרה,112,"940,000 ₪"
0,0,01/04/2008,ללא כתובת,10800-10-7,דירה בבית קומות,5,שניה,140,"1,060,000 ₪"
0,0,20/02/2008,ללא כתובת,10799-41-3,דירה בבית קומות,5,לא ידוע,121,"1,700,000 ₪"
2,2000,19/02/2008,יקינתון 63,11195-3-9,דירה בבית קומות,6,לא ידוע,168,"987,000 ₪"
0,0,07/02/2008,ללא כתובת,10799-47-5,דירה בבית קומות,5,לא ידוע,123,"1,169,000 ₪"
16,2008,08/01/2008,חלמיש 8,11196-130-11,דירה בבית קומות,3,שניה,80,"719,000 ₪"
13,1970,19/12/2007,בירם 3,11196-2-59,דירה בבית קומות,2,שניה,64,"492,000 ₪"
12,1970,12/12/2007,בירם 1,11196-2-10,דירה בבית קומות,5,שלישית,132.7,"775,000 ₪"
1,1995,02/12/2007,הסחלב 9,11195-11-1,דירה בבית קומות,5,לא ידוע,110,"1,062,000 ₪"
16,2008,27/11/2007,חלמיש 8,11196-130-10,דירה בבית קומות,4,עשירית,115,"950,000 ₪"
0,0,25/11/2007,ללא כתובת,10799-13-3,דירה בבית קומות,4,שניה,129,"1,313,000 ₪"
0,0,20/11/2007,ללא כתובת,10799-13-4,דירה בבית קומות,5,לא ידוע,109,"1,110,000 ₪"
17,1970,18/11/2007,בירם 11,11196-2-153,דירה בבית קומות,5,עשירית,103.7,"660,000 ₪"
13,1970,15/11/2007,בירם 3,11196-2-55,דירה בבית קומות,3,ראשונה,66,"460,000 ₪"
13,1970,05/11/2007,בירם 3,11196-2-77,דירה בבית קומות,4,שביעית,118.6,"514,000 ₪"
0,1994,24/09/2007,סתוונית 1,10800-11-2,דירה בבית קומות,6,שניה,150,"1,682,000 ₪"
13,1970,24/09/2007,בירם 3,11196-2-89,דירה בבית קומות,4,עשירית,118.1,"387,000 ₪"
0,0,10/09/2007,ללא כתובת,10800-10-3,דירה בבית קומות,5,ראשונה,124,"1,160,000 ₪"
0,0,03/09/2007,ללא כתובת,10799-13-5,דירה בבית קומות,4,שלישית,129,"1,454,000 ₪"
0,0,15/07/2007,ללא כתובת,10799-10-3,דירה בבית קומות,6,שניה,134,"1,029,000 ₪"
12,1970,12/07/2007,בירם 1,11196-2-33,דירה בבית קומות,2,שמינית,67,"469,000 ₪"
0,0,19/06/2007,ללא כתובת,10799-21-2,דירה בבית קומות,5,לא ידוע,120,"1,402,000 ₪"
0,0,01/05/2007,ללא כתובת,10799-68-4,דירה בבית קומות,5.5,שניה,120,"1,165,000 ₪"
2,1999,30/04/2007,משה בליטנטל 46,10800-28-2,דירה בבית קומות,4,ראשונה,94,"694,000 ₪"
3,1996,29/04/2007,יקינתון 61,11195-7-1,דירה בבית קומות,5,ראשונה,130,"1,104,000 ₪"
0,0,31/12/2006,ללא כתובת,10799-49-2,דירה בבית קומות,5,לא ידוע,197,"1,204,000 ₪"
0,0,20/12/2006,ללא כתובת,10799-15-1,דירה בבית קומות,5,שלישית,110,"1,211,000 ₪"
0,0,08/12/2006,ללא כתובת,10799-50-1,דירה בבית קומות,5,ראשונה,104,"1,230,000 ₪"
13,1970,02/11/2006,בירם 3,11196-2-81,דירה בבית קומות,4,שמינית,119.7,"766,000 ₪"
0,0,13/07/2006,ללא כתובת,10799-68-5,דירה בבית קומות,5,שניה,130,"1,125,000 ₪"
16,2008,28/06/2006,חלמיש 2,11196-130-9,דירה בבית קומות,4,חמש עשרה,100,"1,348,000 ₪"
16,2008,30/04/2006,חלמיש 2,11196-130-8,דירה בבית קומות,3,תשיעית,95,"742,000 ₪"
0,0,20/02/2006,ללא כתובת,11195-9-2,דירה בבית קומות,4,ראשונה,126,"1,332,000 ₪"
0,0,09/12/2005,ללא כתובת,10799-66-1,דירה בבית קומות,5,ראשונה,135,"1,342,000 ₪"
0,0,01/12/2005,ללא כתובת,10799-19-3,דירה בבית קומות,5,לא ידוע,120,"1,117,000 ₪"
13,1970,27/11/2005,בירם 3,11196-2-53,דירה בבית קומות,4,ראשונה,118.3,"770,000 ₪"
16,2008,09/10/2005,חלמיש 2,11196-130-242,דירה בבית קומות,4,שלוש עשרה,100,"986,000 ₪"
16,2008,30/09/2005,חלמיש 2,11196-130-243,דירה בבית קומות,3,שלוש עשרה,92,"741,000 ₪"
16,2008,11/09/2005,חלמיש 2,11196-130-244,דירה בבית קומות,3,שניה,93,"673,000 ₪"
16,2008,22/08/2005,חלמיש 2,11196-130-6,דירה בבית קומות,2,רביעית,65,"537,000 ₪"
16,2008,16/08/2005,חלמיש 2,11196-130-245,דירה בבית קומות,3,ראשונה,93,"741,000 ₪"
16,2008,08/08/2005,חלמיש 2,11196-130-5,דירה בבית קומות,5,ארבע עשרה,174,"1,492,000 ₪"
13,1970,08/06/2005,בירם 3,11196-2-64,דירה בבית קומות,5,רביעית,126.3,"832,000 ₪"
0,0,20/04/2005,ללא כתובת,10799-46-2,דירה בבית קומות,3,ראשונה,83,"874,000 ₪"
0,0,19/04/2005,סייפן 10,10799-64-4,דירה בבית קומות,3,לא ידוע,72,"822,000 ₪"
13,1970,06/04/2005,בירם 3,11196-2-92,דירה בבית קומות,5,אחת עשרה,126.9,"959,000 ₪"
2,2000,25/02/2005,יקינתון 63,11195-3-10,דירה בבית קומות,4,חמישית,120,"1,178,000 ₪"
0,0,15/02/2005,ללא כתובת,10799-35-1,דירה בבית קומות,3,שניה,75,"742,000 ₪"
2,1999,14/02/2005,סתוונית 10,10800-15-4,דירה בבית קומות,5,ראשונה,120,"961,000 ₪"
16,2008,14/02/2005,חלמיש 2,11196-130-4,דירה בבית קומות,3,רביעית,93,"712,000 ₪"
2,1997,01/02/2005,משה בליטנטל 50,10800-25-3,דירה בבית קומות,6,ראשונה,168,"2,239,000 ₪"
12,1970,01/02/2005,בירם 1,11196-2-12,דירה בבית קומות,4,שלישית,79.6,"657,000 ₪"
2,2000,19/01/2005,יקינתון 63,11195-3-11,דירה בבית קומות,3,ראשונה,67,"850,000 ₪"
0,0,14/12/2004,ללא כתובת,10799-32-3,דירה בבית קומות,4,ראשונה,110,"1,092,000 ₪"
3,1996,06/12/2004,הסחלב 11,11195-12-6,דירה בבית קומות,3,ראשונה,80,"885,000 ₪"
0,0,28/11/2004,משה בליטנטל 19,10799-55-1,דירה בבית קומות,3,שלישית,85,"800,000 ₪"
0,0,28/10/2004,ללא כתובת,10799-32-4,דירה בבית קומות,5,שלישית,120,"1,321,000 ₪"
16,2008,24/10/2004,חלמיש 2,11196-130-3,דירה בבית קומות,3,שמינית,92,"761,000 ₪"
0,0,14/10/2004,ללא כתובת,10800-4-4,דירה בבית קומות,4,שניה,100,"1,353,000 ₪"
1,2003,19/07/2004,סתוונית 2,10800-9-2,דירה בבית קומות,4,לא ידוע,92,"1,078,000 ₪"
12,1970,28/06/2004,בירם 1,11196-2-2,דירה בבית קומות,5,ראשונה,126.1,"650,000 ₪"
0,0,20/04/2004,ללא כתובת,10800-3-3,דירה בבית קומות,5,ראשונה,140,"1,457,000 ₪"
13,1970,18/02/2004,בירם 3,11196-2-68,לא ידוע,5,חמישית,126.2,"888,000 ₪"
0,0,23/11/2003,ללא כתובת,10799-25-3,לא ידוע,5,לא ידוע,140,"1,301,000 ₪"
17,1970,21/10/2003,בירם 11,11196-2-174,דירה בבית קומות,4,שש עשרה,87.9,"981,000 ₪"
0,0,09/10/2003,משה בליטנטל 19,10799-55-2,לא ידוע,5,שניה,100,"1,090,000 ₪"
2,1980,11/09/2003,יקינתון 67,11195-2-1,דירה בבית קומות,5,שניה,110,"1,189,000 ₪"
0,0,27/08/2003,ללא כתובת,10799-18-5,לא ידוע,7,ראשונה,100,"1,565,000 ₪"
0,0,18/08/2003,סייפן 11,10799-60-1,דירה בבית קומות,6,לא ידוע,181,"1,109,000 ₪"
0,0,21/07/2003,ללא כתובת,10799-15-2,דירה בבית קומות,5,שלישית,100,"1,283,000 ₪"
13,1970,21/07/2003,בירם 3,11196-2-95,לא ידוע,3,אחת עשרה,64.3,"610,000 ₪"
0,0,02/07/2003,ללא כתובת,10799-35-2,דירה בבית קומות,6,שלישית,140,"1,506,000 ₪"
16,2008,30/06/2003,חלמיש 2,11196-130-2,דירה בבית קומות,4,רביעית,115,"1,006,000 ₪"
2,1997,21/05/2003,משה בליטנטל 50,10800-25-1,קוטג' טורי,6,שניה,140,"2,320,000 ₪"
5,2004,11/05/2003,שחם 2,11196-121-9,לא ידוע,4,רביעית,94,"1,046,000 ₪"
16,2008,24/04/2003,חלמיש 2,11196-130-246,לא ידוע,לא ידוע,שמינית,115,"968,000 ₪"
16,2008,14/04/2003,חלמיש 2,11196-130-247,לא ידוע,4,שמינית,115,"988,000 ₪"
0,0,03/03/2003,משה בליטנטל 36,10799-33-2,לא ידוע,5,לא ידוע,125,"1,160,000 ₪"
2,1999,11/02/2003,משה בליטנטל 46,10800-28-7,לא ידוע,4,ראשונה,130,"1,337,000 ₪"
0,0,06/02/2003,ללא כתובת,10799-18-6,לא ידוע,1.5,שניה,41,"570,000 ₪"
0,0,08/11/2002,ללא כתובת,10800-10-8,לא ידוע,5,ראשונה,120,"1,554,000 ₪"
16,2008,07/11/2002,חלמיש 2,11196-130-1,לא ידוע,לא ידוע,אחת עשרה,111,"1,057,000 ₪"
3,1996,29/08/2002,הסחלב 11,11195-12-2,לא ידוע,3,ראשונה,75,"928,000 ₪"
2,1990,19/06/2002,יקינתון 69,11195-1-5,לא ידוע,5,חמישית,120,"1,808,000 ₪"
13,1970,20/05/2002,בירם 3,11196-2-90,לא ידוע,3,עשירית,76,"750,000 ₪"
13,1970,09/09/1998,בירם 3,11196-2-90,לא ידוע,3,עשירית,76,"827,000 ₪"
0,0,07/01/2002,משה בליטנטל 31,10799-26-1,לא ידוע,7,רביעית,160,"2,301,000 ₪"
2,2000,19/12/2001,יקינתון 63,11195-3-12,לא ידוע,3,ראשונה,67,"736,000 ₪"
17,1970,11/10/2001,בירם 11,11196-2-171,לא ידוע,5,חמש עשרה,104.4,"1,034,000 ₪"
0,0,06/09/2001,ללא כתובת,10799-49-3,לא ידוע,5,שניה,120,"1,289,000 ₪"
12,1970,20/08/2001,בירם 1,11196-2-43,לא ידוע,3,אחת עשרה,93.9,"783,000 ₪"
17,1970,01/08/2001,בירם 11,11196-2-166,לא ידוע,4,ארבע עשרה,87,"804,000 ₪"
0,0,30/07/2001,משה בליטנטל 14,10799-54-3,לא ידוע,לא ידוע,לא ידוע,731,"1,471,000 ₪"
3,1996,18/07/2001,יקינתון 55,11195-10-4,לא ידוע,5,ראשונה,110,"1,390,000 ₪"
3,2000,28/06/2001,סתוונית 13,10800-17-7,לא ידוע,4,ראשונה,110,"1,291,000 ₪"
2,2000,26/06/2001,יקינתון 63,11195-3-13,לא ידוע,4,חמישית,120,"1,057,000 ₪"
0,0,14/06/2001,סייפן 2,10799-69-3,לא ידוע,5,ראשונה,120,"1,182,000 ₪"
2,2000,22/05/2001,יקינתון 63,11195-3-14,לא ידוע,6,חמישית,130,"1,096,000 ₪"
12,1970,06/05/2001,בירם 1,11196-2-31,לא ידוע,4,שמינית,121,"767,000 ₪"
0,0,05/04/2001,ללא כתובת,10799-35-3,לא ידוע,3,שניה,70,"763,000 ₪"
12,1970,28/01/2001,בירם 1,11196-2-3,לא ידוע,4,ראשונה,120.9,"806,000 ₪"
0,0,22/01/2001,ללא כתובת,10799-23-2,לא ידוע,4,לא ידוע,99,"846,000 ₪"
0,0,28/12/2000,סייפן 10,10799-64-5,לא ידוע,5,שניה,100,"1,113,000 ₪"
2,2000,04/12/2000,יקינתון 63,11195-3-15,לא ידוע,5,שלישית,120,"1,111,000 ₪"
3,1996,30/11/2000,הסחלב 11,11195-12-7,לא ידוע,5,ראשונה,115,"1,496,000 ₪"
2,2000,29/11/2000,יקינתון 63,11195-3-16,לא ידוע,4,שניה,128,"1,075,000 ₪"
12,1970,12/11/2000,בירם 1,11196-2-4,לא ידוע,3,ראשונה,86.1,"687,000 ₪"
2,1990,05/11/2000,יקינתון 69,11195-1-6,לא ידוע,5,רביעית,100,"1,151,000 ₪"
0,0,28/09/2000,סייפן 2,10799-69-4,לא ידוע,6,לא ידוע,120,"1,388,000 ₪"
0,0,15/09/2000,ללא כתובת,11195-9-1,לא ידוע,6,חמישית,150,"1,332,000 ₪"
0,0,07/09/2000,ללא כתובת,10799-25-4,לא ידוע,6,לא ידוע,140,"1,573,000 ₪"
3,1996,21/08/2000,יקינתון 61,11195-5-7,לא ידוע,5,שלישית,140,"1,148,000 ₪"
3,1996,08/08/2000,הסחלב 11,11195-12-8,לא ידוע,3,לא ידוע,80,"875,000 ₪"
0,0,03/08/2000,ללא כתובת,10799-41-5,לא ידוע,6,שניה,194,"2,183,000 ₪"
2,2000,17/07/2000,יקינתון 63,11195-3-17,לא ידוע,3,ראשונה,87,"751,000 ₪"
0,0,28/05/2000,ללא כתובת,10799-45-2,לא ידוע,5,לא ידוע,180,"1,958,000 ₪"
2,1999,25/05/2000,משה בליטנטל 46,10800-28-1,לא ידוע,3,לא ידוע,88,"1,124,000 ₪"
1,2001,23/05/2000,אגוז 10,10800-18-2,לא ידוע,4,רביעית,125,"1,931,000 ₪"
17,1970,07/04/2000,בירם 11,11196-2-148,לא ידוע,5,תשיעית,106.1,"1,007,000 ₪"
3,1996,05/04/2000,הסחלב 11,11195-12-1,לא ידוע,5,שניה,120,"1,339,000 ₪"
0,0,22/02/2000,ללא כתובת,10799-25-5,לא ידוע,4,ראשונה,85,"1,215,000 ₪"
0,0,30/01/2000,סייפן 2,10799-69-5,לא ידוע,6,שלישית,120,"1,304,000 ₪"
3,1996,31/12/1999,יקינתון 61,11195-5-1,לא ידוע,5,שלישית,120,"1,277,000 ₪"
0,0,29/12/1999,ללא כתובת,10799-25-6,לא ידוע,5,לא ידוע,125,"1,286,000 ₪"
0,0,26/11/1999,ללא כתובת,11195-4-1,לא ידוע,לא ידוע,לא ידוע,194,"423,000 ₪"
2,1990,18/11/1999,יקינתון 69,11195-1-7,לא ידוע,5,ראשונה,125,"1,141,000 ₪"
0,0,07/11/1999,ללא כתובת,11195-9-6,לא ידוע,5,שניה,136,"1,353,000 ₪"
2,1990,23/10/1999,יקינתון 69,11195-1-8,לא ידוע,5,רביעית,125,"1,185,000 ₪"
0,0,10/10/1999,ללא כתובת,11195-9-7,לא ידוע,5,רביעית,140,"1,363,000 ₪"
13,1970,23/09/1999,בירם 3,11196-2-91,לא ידוע,3,עשירית,64.3,"529,000 ₪"
1,2000,15/09/1999,סתוונית 8,10800-14-3,לא ידוע,לא ידוע,לא ידוע,107,"1,422,000 ₪"
0,0,12/08/1999,ללא כתובת,10799-41-6,לא ידוע,5,לא ידוע,140,"1,588,000 ₪"
2,1999,27/07/1999,סתוונית 10,10800-15-3,לא ידוע,לא ידוע,לא ידוע,120,"1,442,000 ₪"
3,1970,17/06/1999,בירם 7,11196-2-107,לא ידוע,5,ראשונה,108.8,"1,221,000 ₪"
0,0,10/06/1999,משה בליטנטל 40,10799-31-2,לא ידוע,5,לא ידוע,120,"980,000 ₪"
0,0,09/06/1999,ללא כתובת,10799-25-7,לא ידוע,3,לא ידוע,85,"1,225,000 ₪"
3,1996,27/05/1999,יקינתון 55,11195-10-1,לא ידוע,5,שניה,130,"1,357,000 ₪"
2,1999,05/05/1999,סתוונית 10,10800-15-2,לא ידוע,לא ידוע,שלישית,120,"1,530,000 ₪"
2,1999,15/03/1999,סתוונית 10,10800-15-1,לא ידוע,לא ידוע,לא ידוע,100,"1,274,000 ₪"
0,0,14/01/1999,ללא כתובת,10799-63-3,לא ידוע,7,לא ידוע,168,"1,271,000 ₪"
0,0,02/11/1998,ללא כתובת,10799-18-8,לא ידוע,7,לא ידוע,168,"2,019,000 ₪"
0,0,28/09/1998,ללא כתובת,10799-22-2,לא ידוע,6,לא ידוע,150,"1,580,000 ₪"
0,0,20/09/1998,ללא כתובת,10799-23-3,לא ידוע,4,לא ידוע,99,"884,000 ₪"
3,1996,15/09/1998,הסחלב 11,11195-12-9,לא ידוע,5,חמישית,123,"1,459,000 ₪"
0,0,27/08/1998,ללא כתובת,10800-27-1,לא ידוע,5,לא ידוע,167,"1,311,000 ₪"
0,0,06/08/1998,ללא כתובת,10799-66-2,לא ידוע,5,ראשונה,125,"1,241,000 ₪"
3,1996,04/08/1998,יקינתון 55,11195-10-5,לא ידוע,5,רביעית,108,"1,204,000 ₪"
0,0,09/07/1998,ללא כתובת,10799-44-1,לא ידוע,5,ראשונה,159,"1,265,000 ₪"
0,0,14/05/1998,ללא כתובת,10799-46-3,לא ידוע,5,לא ידוע,135,"1,211,000 ₪"
0,0,02/04/1998,ללא כתובת,11195-6-2,לא ידוע,5,לא ידוע,108,"1,083,000 ₪"
12,1970,05/03/1998,בירם 1,11196-2-15,לא ידוע,4,רביעית,119.1,"805,000 ₪"
0,0,01/02/1998,סייפן 11,10799-60-2,לא ידוע,6,ראשונה,173,"1,155,000 ₪"
0,0,22/01/1998,ללא כתובת,10799-24-3,לא ידוע,5,שניה,122,"1,379,000 ₪"
